name,text,manaCost,type,rarity,games_in_hand,win_rate,set_code
The Dawning Archaic,"This spell costs {1} less to cast for each instant and sorcery card in your graveyard.
Reach
Whenever The Dawning Archaic attacks, you may cast target instant or sorcery card from your graveyard without paying its mana cost. If that spell would be put into your graveyard, exile it instead.",{10},Legendary Creature — Avatar,mythic,10289,0.538,SOS
Rancorous Archaic,"Reach, trample
Converge — This creature enters with a +1/+1 counter on it for each color of mana spent to cast it.",{5},Creature — Avatar,common,39543,0.536,SOS
Sundering Archaic,"Converge — When this creature enters, exile target nonland permanent an opponent controls with mana value less than or equal to the number of colors of mana spent to cast this creature.
{2}: Put target card from a graveyard on the bottom of its owner's library.",{6},Creature — Avatar,uncommon,67627,0.588,SOS
Together as One,"Converge — Target player draws X cards, Together as One deals X damage to any target, and you gain X life, where X is the number of colors of mana spent to cast this spell.",{6},Sorcery,rare,37273,0.656,SOS
Transcendent Archaic,"Vigilance
Converge — When this creature enters, you may draw X cards, where X is the number of colors of mana spent to cast this spell. If you draw one or more cards this way, discard two cards.",{7},Creature — Avatar,uncommon,43681,0.57,SOS
Ajani's Response,"This spell costs {3} less to cast if it targets a tapped creature.
Destroy target creature.",{4}{W},Instant,common,132194,0.576,SOS
Antiquities on the Loose,"Create two 2/2 red and white Spirit creature tokens. Then if this spell was cast from anywhere other than your hand, put a +1/+1 counter on each Spirit you control.
Flashback {4}{W}{W} (You may cast this card from your graveyard for its flashback cost. Then exile it.)",{1}{W}{W},Sorcery,rare,32903,0.642,SOS
Ascendant Dustspeaker,"Flying
When this creature enters, put a +1/+1 counter on another target creature you control.
At the beginning of combat on your turn, exile up to one target card from a graveyard.",{4}{W},Creature — Orc Cleric,common,77646,0.553,SOS
Daydream,"Exile target creature you control, then return that card to the battlefield under its owner's control with a +1/+1 counter on it.
Flashback {2}{W} (You may cast this card from your graveyard for its flashback cost. Then exile it.)",{W},Sorcery,uncommon,9347,0.488,SOS
Dig Site Inventory,"Put a +1/+1 counter on target creature you control. It gains vigilance until end of turn.
Flashback {W} (You may cast this card from your graveyard for its flashback cost. Then exile it.)",{W},Sorcery,common,86001,0.554,SOS
Eager Glyphmage,"When this creature enters, create a 1/1 white and black Inkling creature token with flying.",{3}{W},Creature — Cat Cleric,common,85268,0.56,SOS
"Ennis, Debate Moderator","When Ennis enters, exile up to one other target creature you control. Return that card to the battlefield under its owner's control at the beginning of the next end step.
At the beginning of your end step, if one or more cards were put into exile this turn, put a +1/+1 counter on Ennis.",{1}{W},Legendary Creature — Human Cleric,uncommon,21283,0.5,SOS
Erode,"Destroy target creature or planeswalker. Its controller may search their library for a basic land card, put it onto the battlefield tapped, then shuffle.",{W},Instant,rare,20787,0.562,SOS
Graduation Day,"Repartee — Whenever you cast an instant or sorcery spell that targets a creature, put a +1/+1 counter on target creature you control.",{W},Enchantment,uncommon,15558,0.51,SOS
Group Project,"Create a 2/2 red and white Spirit creature token.
Flashback—Tap three untapped creatures you control. (You may cast this card from your graveyard for its flashback cost. Then exile it.)",{1}{W},Sorcery,uncommon,56750,0.567,SOS
Harsh Annotation,Destroy target creature. Its controller creates a 1/1 white and black Inkling creature token with flying.,{1}{W},Instant,uncommon,8436,0.5,SOS
Informed Inkwright,"Vigilance
Repartee — Whenever you cast an instant or sorcery spell that targets a creature, create a 1/1 white and black Inkling creature token with flying.",{1}{W},Creature — Human Wizard,rare,29611,0.615,SOS
Inkshape Demonstrator,"Ward {2} (Whenever this creature becomes the target of a spell or ability an opponent controls, counter it unless that player pays {2}.)
Repartee — Whenever you cast an instant or sorcery spell that targets a creature, this creature gets +1/+0 and gains lifelink until end of turn.",{3}{W},Creature — Elephant Cleric,uncommon,46004,0.565,SOS
Interjection,Target creature gets +2/+2 and gains first strike until end of turn.,{W},Instant,common,35848,0.556,SOS
Owlin Historian,"Flying
When this creature enters, surveil 1. (Look at the top card of your library. You may put it into your graveyard.)
Whenever one or more cards leave your graveyard, this creature gets +1/+1 until end of turn.",{2}{W},Creature — Bird Cleric,common,84930,0.554,SOS
Practiced Offense,"Put a +1/+1 counter on each creature target player controls. Target creature gains your choice of double strike or lifelink until end of turn.
Flashback {1}{W} (You may cast this card from your graveyard for its flashback cost. Then exile it.)",{2}{W},Sorcery,rare,32527,0.647,SOS
Primary Research,"When this enchantment enters, return target nonland permanent card with mana value 3 or less from your graveyard to the battlefield.
At the beginning of your end step, if a card left your graveyard this turn, draw a card.",{4}{W},Enchantment,uncommon,40061,0.549,SOS
Rapier Wit,"Tap target creature. If it's your turn, put a stun counter on it. (If a permanent with a stun counter would become untapped, remove one from it instead.)
Draw a card.",{1}{W},Instant,common,36809,0.542,SOS
Rehearsed Debater,"Vigilance
Repartee — Whenever you cast an instant or sorcery spell that targets a creature, this creature gets +1/+1 until end of turn.",{2}{W},Creature — Djinn Bard,common,64884,0.547,SOS
Restoration Seminar,"Return target nonland permanent card from your graveyard to the battlefield.
Paradigm (Then exile this spell. After you first resolve a spell with this name, you may cast a copy of it from exile without paying its mana cost at the beginning of each of your first main phases.)",{5}{W}{W},Sorcery — Lesson,mythic,11777,0.574,SOS
Shattered Acolyte,"Lifelink
{1}, Sacrifice this creature: Destroy target artifact or enchantment.",{1}{W},Creature — Dwarf Warlock,common,98890,0.559,SOS
Soaring Stoneglider,"As an additional cost to cast this spell, exile two cards from your graveyard or pay {1}{W}.
Flying, vigilance",{2}{W},Creature — Elephant Cleric,uncommon,37255,0.537,SOS
Stand Up for Yourself,Destroy target creature with power 3 or greater.,{2}{W},Instant,uncommon,55710,0.57,SOS
Stirring Hopesinger,"Flying, lifelink
Repartee — Whenever you cast an instant or sorcery spell that targets a creature, put a +1/+1 counter on each creature you control.",{2}{W},Creature — Bird Bard,rare,30492,0.627,SOS
Stone Docent,"{W}, Exile this card from your graveyard: You gain 2 life. Surveil 1. Activate only as a sorcery. (Look at the top card of your library. You may put it into your graveyard.)",{1}{W},Creature — Spirit Chimera,common,130580,0.565,SOS
Summoned Dromedary,"Vigilance
{1}{W}: Return this card from your graveyard to your hand. Activate only as a sorcery.",{3}{W},Creature — Spirit Camel,uncommon,36610,0.542,SOS
Banishing Betrayal,Return target nonland permanent to its owner's hand. Surveil 1. (Look at the top card of your library. You may put it into your graveyard.),{1}{U},Instant,common,85116,0.552,SOS
Brush Off,"This spell costs {1}{U} less to cast if it targets an instant or sorcery spell.
Counter target spell.",{2}{U}{U},Instant,uncommon,58313,0.58,SOS
Chase Inspiration,Target creature you control gets +0/+3 and gains hexproof until end of turn. (It can't be the target of spells or abilities your opponents control.),{U},Instant,common,29173,0.543,SOS
Deluge Virtuoso,"When this creature enters, tap target creature an opponent controls and put a stun counter on it. (If a permanent with a stun counter would become untapped, remove one from it instead.)
Opus — Whenever you cast an instant or sorcery spell, this creature gets +1/+1 until end of turn. If five or more mana was spent to cast that spell, this creature gets +2/+2 until end of turn instead.",{2}{U},Creature — Human Wizard,common,46936,0.519,SOS
Divergent Equation,"Return up to X target instant and/or sorcery cards from your graveyard to your hand.
Exile Divergent Equation.",{X}{X}{U},Instant,uncommon,63516,0.58,SOS
Echocasting Symposium,"Target player creates a token that's a copy of target creature you control.
Paradigm (Then exile this spell. After you first resolve a spell with this name, you may cast a copy of it from exile without paying its mana cost at the beginning of each of your first main phases.)",{4}{U}{U},Sorcery — Lesson,mythic,13079,0.579,SOS
Essence Scatter,Counter target creature spell.,{1}{U},Instant,common,141108,0.57,SOS
Exhibition Tidecaller,"Opus — Whenever you cast an instant or sorcery spell, target player mills three cards. If five or more mana was spent to cast that spell, that player mills ten cards instead.",{U},Creature — Djinn Wizard,rare,32444,0.603,SOS
Flow State,"Look at the top three cards of your library. Put one of them into your hand and the rest on the bottom of your library in any order. If there is an instant card and a sorcery card in your graveyard, instead put two of them into your hand and the rest on the bottom of your library in any order.",{1}{U},Sorcery,uncommon,60195,0.568,SOS
Fractal Anomaly,"Create a 0/0 green and blue Fractal creature token and put X +1/+1 counters on it, where X is the number of cards you've drawn this turn.",{U},Instant,uncommon,4494,0.485,SOS
Fractalize,"Until end of turn, target creature becomes a green and blue Fractal with base power and toughness each equal to X plus 1. (It loses all other colors and creature types.)",{X}{U},Instant,uncommon,8904,0.514,SOS
Homesickness,"Target player draws two cards. Tap up to two target creatures. Put a stun counter on each of them. (If a permanent with a stun counter would become untapped, remove one from it instead.)",{4}{U}{U},Instant,uncommon,44706,0.558,SOS
Hydro-Channeler,"{T}: Add {U}. Spend this mana only to cast an instant or sorcery spell.
{1}, {T}: Add one mana of any color. Spend this mana only to cast an instant or sorcery spell.",{1}{U},Creature — Merfolk Wizard,common,107951,0.548,SOS
Mana Sculpt,"Counter target spell. If you control a Wizard, add an amount of {C} equal to the amount of mana spent to cast that spell at the beginning of your next main phase.",{1}{U}{U},Instant,rare,25449,0.579,SOS
Mathemagics,"Target player draws 2ˣ cards. (2⁰ = 1, 2¹ = 2, 2² = 4, 2³ = 8, 2⁴ = 16, 2⁵ = 32, and so on.)",{X}{X}{U}{U},Sorcery,mythic,16682,0.619,SOS
Matterbending Mage,"When this creature enters, return up to one other target creature to its owner's hand.
Whenever you cast a spell with {X} in its mana cost, this creature can't be blocked this turn.",{2}{U},Creature — Human Wizard,uncommon,66844,0.582,SOS
Muse Seeker,"Opus — Whenever you cast an instant or sorcery spell, draw a card. Then discard a card unless five or more mana was spent to cast that spell.",{1}{U},Creature — Elf Wizard,uncommon,36358,0.526,SOS
Muse's Encouragement,"Create a 3/3 blue and red Elemental creature token with flying.
Surveil 2. (Look at the top two cards of your library, then put any number of them into your graveyard and the rest on top of your library in any order.)",{4}{U},Instant,common,46560,0.526,SOS
"Orysa, Tide Choreographer","This spell costs {3} less to cast if creatures you control have total toughness 10 or greater.
When Orysa enters, draw two cards.",{4}{U},Legendary Creature — Merfolk Bard,uncommon,24424,0.533,SOS
Pensive Professor,"Increment (Whenever you cast a spell, if the amount of mana you spent is greater than this creature's power or toughness, put a +1/+1 counter on this creature.)
Whenever one or more +1/+1 counters are put on this creature, draw a card.",{1}{U}{U},Creature — Human Wizard,rare,28232,0.586,SOS
Procrastinate,"Tap target creature. Put twice X stun counters on it. (If a permanent with a stun counter would become untapped, remove one from it instead.)",{X}{U},Sorcery,common,43516,0.522,SOS
Quick Study,Draw two cards.,{2}{U},Instant,common,89565,0.561,SOS
Run Behind,"This spell costs {1} less to cast if it targets an attacking creature.
Target creature's owner puts it on their choice of the top or bottom of their library.",{3}{U},Instant,common,125311,0.571,SOS
Tester of the Tangential,"Increment (Whenever you cast a spell, if the amount of mana you spent is greater than this creature's power or toughness, put a +1/+1 counter on this creature.)
At the beginning of combat on your turn, you may pay {X}. When you do, move X +1/+1 counters from this creature onto another target creature.",{1}{U},Creature — Djinn Wizard,uncommon,33424,0.539,SOS
Textbook Tabulator,"Increment (Whenever you cast a spell, if the amount of mana you spent is greater than this creature's power or toughness, put a +1/+1 counter on this creature.)
When this creature enters, surveil 2. (Look at the top two cards of your library, then put any number of them into your graveyard and the rest on top of your library in any order.)",{2}{U},Creature — Frog Wizard,common,38259,0.53,SOS
Wisdom of Ages,"Return all instant and sorcery cards from your graveyard to your hand. You have no maximum hand size for the rest of the game.
Exile Wisdom of Ages.",{4}{U}{U}{U},Sorcery,rare,29367,0.577,SOS
Arcane Omens,"Converge — Target player discards X cards, where X is the number of colors of mana spent to cast this spell.",{4}{B},Sorcery,uncommon,54788,0.598,SOS
"Arnyn, Deathbloom Botanist","Deathtouch
Whenever a creature you control with power or toughness 1 or less dies, target opponent loses 2 life and you gain 2 life.",{2}{B},Legendary Creature — Vampire Druid,uncommon,17278,0.505,SOS
Burrog Banemaker,"Deathtouch
{1}{B}: This creature gets +1/+1 until end of turn.",{B},Creature — Frog Warlock,common,61768,0.544,SOS
Cost of Brilliance,Target player draws two cards and loses 2 life. Put a +1/+1 counter on up to one target creature.,{2}{B},Sorcery,common,88183,0.574,SOS
Decorum Dissertation,"Target player draws two cards and loses 2 life.
Paradigm (Then exile this spell. After you first resolve a spell with this name, you may cast a copy of it from exile without paying its mana cost at the beginning of each of your first main phases.)",{3}{B}{B},Sorcery — Lesson,mythic,9355,0.562,SOS
Dissection Practice,"Target opponent loses 1 life and you gain 1 life.
Up to one target creature gets +1/+1 until end of turn.
Up to one target creature gets -1/-1 until end of turn.",{B},Instant,uncommon,39592,0.58,SOS
End of the Hunt,Target opponent exiles a creature or planeswalker they control with the greatest mana value among creatures and planeswalkers they control.,{1}{B},Sorcery,uncommon,53176,0.583,SOS
Eternal Student,"{1}{B}, Exile this card from your graveyard: Create two 1/1 white and black Inkling creature tokens with flying.",{3}{B},Creature — Zombie Warlock,uncommon,33011,0.542,SOS
Foolish Fate,"Destroy target creature.
Infusion — If you gained life this turn, that creature's controller loses 3 life.",{2}{B},Instant,uncommon,54439,0.586,SOS
Forum Necroscribe,"Ward—Discard a card.
Repartee — Whenever you cast an instant or sorcery spell that targets a creature, return target creature card from your graveyard to the battlefield.",{5}{B},Creature — Troll Warlock,uncommon,26857,0.513,SOS
Last Gasp,Target creature gets -3/-3 until end of turn.,{1}{B},Instant,common,121370,0.574,SOS
Lecturing Scornmage,"Repartee — Whenever you cast an instant or sorcery spell that targets a creature, put a +1/+1 counter on this creature.",{B},Creature — Human Warlock,uncommon,44356,0.581,SOS
Masterful Flourish,"Target creature you control gets +1/+0 and gains indestructible until end of turn. (Damage and effects that say ""destroy"" don't destroy it.)",{B},Instant,common,38041,0.561,SOS
Melancholic Poet,"Repartee — Whenever you cast an instant or sorcery spell that targets a creature, each opponent loses 1 life and you gain 1 life.",{1}{B},Creature — Elf Bard,common,96211,0.56,SOS
"Moseo, Vein's New Dean","Flying
When Moseo enters, create a 1/1 black and green Pest creature token with ""Whenever this token attacks, you gain 1 life.""
Infusion — At the beginning of your end step, if you gained life this turn, return up to one target creature card with mana value X or less from your graveyard to the battlefield, where X is the amount of life you gained this turn.",{2}{B},Legendary Creature — Bird Skeleton Warlock,rare,23833,0.601,SOS
Poisoner's Apprentice,"Infusion — When this creature enters, target creature an opponent controls gets -4/-4 until end of turn if you gained life this turn.",{2}{B},Creature — Orc Warlock,uncommon,32296,0.553,SOS
Postmortem Professor,"This creature can't block.
Whenever this creature attacks, each opponent loses 1 life and you gain 1 life.
{1}{B}, Exile an instant or sorcery card from your graveyard: Return this card from your graveyard to the battlefield.",{1}{B},Creature — Zombie Warlock,rare,23124,0.601,SOS
Pull from the Grave,Return up to two target creature cards from your graveyard to your hand. You gain 2 life.,{2}{B},Sorcery,common,33554,0.527,SOS
Rabid Attack,"Until end of turn, any number of target creatures you control each get +1/+0 and gain ""When this creature dies, draw a card.""",{1}{B},Instant,uncommon,8776,0.504,SOS
"Ral Zarek, Guest Lecturer","[+1]: Surveil 2.
[−1]: Any number of target players each discard a card.
[−2]: Return target creature card with mana value 3 or less from your graveyard to the battlefield.
[−7]: Flip five coins. Target opponent skips their next X turns, where X is the number of coins that came up heads.",{1}{B}{B},Legendary Planeswalker — Ral,mythic,7869,0.546,SOS
Send in the Pest,"Each opponent discards a card. You create a 1/1 black and green Pest creature token with ""Whenever this token attacks, you gain 1 life.""",{1}{B},Sorcery,common,71485,0.55,SOS
Sneering Shadewriter,"Flying
When this creature enters, each opponent loses 2 life and you gain 2 life.",{4}{B},Creature — Vampire Warlock,common,42687,0.527,SOS
Tragedy Feaster,"Trample
Ward—Discard a card.
Infusion — At the beginning of your end step, sacrifice a permanent unless you gained life this turn.",{2}{B}{B},Creature — Demon,rare,16015,0.551,SOS
Ulna Alley Shopkeep,"Menace (This creature can't be blocked except by two or more creatures.)
Infusion — This creature gets +2/+0 as long as you gained life this turn.",{2}{B},Creature — Goblin Warlock,common,12568,0.49,SOS
Wander Off,Exile target creature.,{3}{B},Instant,common,101931,0.558,SOS
Withering Curse,"All creatures get -2/-2 until end of turn.
Infusion — If you gained life this turn, destroy all creatures instead.",{1}{B}{B},Sorcery,mythic,5910,0.535,SOS
Ancestral Anger,"Target creature gains trample and gets +X/+0 until end of turn, where X is 1 plus the number of cards named Ancestral Anger in your graveyard.
Draw a card.",{R},Sorcery,common,21764,0.528,SOS
Archaic's Agony,"Converge — Archaic's Agony deals X damage to target creature, where X is the number of colors of mana spent to cast this spell. Exile cards from the top of your library equal to the excess damage dealt to that creature this way. You may play those cards until the end of your next turn.",{4}{R},Sorcery,uncommon,38949,0.561,SOS
Artistic Process,"Choose one —
• Artistic Process deals 6 damage to target creature.
• Artistic Process deals 2 damage to each creature you don't control.
• Create a 3/3 blue and red Elemental creature token with flying. It gains haste until end of turn.",{3}{R}{R},Sorcery,uncommon,59842,0.568,SOS
Charging Strifeknight,"Haste
{T}, Discard a card: Draw a card.",{2}{R},Creature — Spirit Knight,uncommon,57419,0.568,SOS
Choreographed Sparks,"This spell can't be copied.
Choose one or both —
• Copy target instant or sorcery spell you control. You may choose new targets for the copy.
• Copy target creature spell you control. The copy gains haste and ""At the beginning of the end step, sacrifice this token.""",{R}{R},Instant,rare,2205,0.443,SOS
Duel Tactics,"Duel Tactics deals 1 damage to target creature. It can't block this turn.
Flashback {1}{R} (You may cast this card from your graveyard for its flashback cost. Then exile it.)",{R},Sorcery,uncommon,20167,0.547,SOS
Expressive Firedancer,"Opus — Whenever you cast an instant or sorcery spell, this creature gets +1/+1 until end of turn. If five or more mana was spent to cast that spell, this creature also gains double strike until end of turn.",{1}{R},Creature — Human Sorcerer,common,94168,0.553,SOS
Flashback,Target instant or sorcery card in your graveyard gains flashback until end of turn. The flashback cost is equal to its mana cost. (You may cast that card from your graveyard for its flashback cost. Then exile it.),{R},Instant,rare,17698,0.542,SOS
Garrison Excavator,"Menace (This creature can't be blocked except by two or more creatures.)
Whenever one or more cards leave your graveyard, create a 2/2 red and white Spirit creature token.",{3}{R},Creature — Orc Sorcerer,uncommon,54448,0.567,SOS
Heated Argument,"Heated Argument deals 6 damage to target creature. You may exile a card from your graveyard. If you do, Heated Argument also deals 2 damage to that creature's controller.",{4}{R},Instant,common,112863,0.555,SOS
Impractical Joke,Damage can't be prevented this turn. Impractical Joke deals 3 damage to up to one target creature or planeswalker.,{R},Sorcery,uncommon,75426,0.585,SOS
Improvisation Capstone,"Exile cards from the top of your library until you exile cards with total mana value 4 or greater. You may cast any number of spells from among them without paying their mana costs.
Paradigm (Then exile this spell. After you first resolve a spell with this name, you may cast a copy of it from exile without paying its mana cost at the beginning of each of your first main phases.)",{5}{R}{R},Sorcery — Lesson,mythic,16511,0.625,SOS
Living History,"When this enchantment enters, create a 2/2 red and white Spirit creature token.
Whenever you attack, if a card left your graveyard this turn, target attacking creature gets +2/+0 until end of turn.",{1}{R},Enchantment,uncommon,48913,0.563,SOS
Magmablood Archaic,"Reach, trample
Converge — This creature enters with a +1/+1 counter on it for each color of mana spent to cast it.
Whenever you cast an instant or sorcery spell, creatures you control get +1/+0 until end of turn for each color of mana spent to cast that spell.",{2/R}{2/R}{2/R},Creature — Avatar,rare,27368,0.567,SOS
"Mica, Reader of Ruins","Ward—Pay 3 life. (Whenever this creature becomes the target of a spell or ability an opponent controls, counter it unless that player pays 3 life.)
Whenever you cast an instant or sorcery spell, you may sacrifice an artifact. If you do, copy that spell and you may choose new targets for the copy.",{3}{R},Legendary Creature — Human Artificer,uncommon,15744,0.53,SOS
Molten-Core Maestro,"Menace
Opus — Whenever you cast an instant or sorcery spell, put a +1/+1 counter on this creature. If five or more mana was spent to cast that spell, add an amount of {R} equal to this creature's power.",{1}{R},Creature — Goblin Bard,rare,32030,0.597,SOS
Rearing Embermare,"Reach, haste",{4}{R},Creature — Horse Beast,common,11393,0.497,SOS
Rubble Rouser,"When this creature enters, you may discard a card. If you do, draw a card.
{T}, Exile a card from your graveyard: Add {R}. When you do, this creature deals 1 damage to each opponent.",{2}{R},Creature — Dwarf Sorcerer,common,150144,0.578,SOS
Seize the Spoils,"As an additional cost to cast this spell, discard a card.
Draw two cards and create a Treasure token. (It's an artifact with ""{T}, Sacrifice this token: Add one mana of any color."")",{2}{R},Sorcery,common,81231,0.549,SOS
Steal the Show,"Choose one or both —
• Target player discards any number of cards, then draws that many cards.
• Steal the Show deals damage equal to the number of instant and sorcery cards in your graveyard to target creature or planeswalker.",{2}{R},Sorcery,rare,13845,0.545,SOS
Tablet of Discovery,"When this artifact enters, mill a card. You may play that card this turn. (To mill a card, put the top card of your library into your graveyard.)
{T}: Add {R}.
{T}: Add {R}{R}. Spend this mana only to cast instant and sorcery spells.",{2}{R},Artifact,uncommon,53533,0.567,SOS
Tackle Artist,"Trample
Opus — Whenever you cast an instant or sorcery spell, put a +1/+1 counter on this creature. If five or more mana was spent to cast that spell, put two +1/+1 counters on this creature instead.",{3}{R},Creature — Orc Sorcerer,common,59457,0.527,SOS
Thunderdrum Soloist,"Reach
Opus — Whenever you cast an instant or sorcery spell, this creature deals 1 damage to each opponent. If five or more mana was spent to cast that spell, this creature deals 3 damage to each opponent instead.",{1}{R},Creature — Dwarf Bard,uncommon,42783,0.553,SOS
Tome Blast,"Tome Blast deals 2 damage to any target.
Flashback {4}{R} (You may cast this card from your graveyard for its flashback cost. Then exile it.)",{1}{R},Sorcery,common,165992,0.573,SOS
Unsubtle Mockery,Unsubtle Mockery deals 4 damage to target creature. Surveil 1. (Look at the top card of your library. You may put it into your graveyard.),{2}{R},Instant,common,164745,0.575,SOS
Zealous Lorecaster,"When this creature enters, return target instant or sorcery card from your graveyard to your hand.",{5}{R},Creature — Giant Sorcerer,common,87344,0.546,SOS
Aberrant Manawurm,"Trample
Whenever you cast an instant or sorcery spell, this creature gets +X/+0 until end of turn, where X is the amount of mana spent to cast that spell.",{3}{G},Creature — Wurm,uncommon,15297,0.509,SOS
Additive Evolution,"When this enchantment enters, create a 0/0 green and blue Fractal creature token. Put three +1/+1 counters on it.
At the beginning of combat on your turn, put a +1/+1 counter on target creature you control. It gains vigilance until end of turn.",{3}{G}{G},Enchantment,uncommon,44403,0.573,SOS
Ambitious Augmenter,"Increment (Whenever you cast a spell, if the amount of mana you spent is greater than this creature's power or toughness, put a +1/+1 counter on this creature.)
When this creature dies, if it had one or more counters on it, create a 0/0 green and blue Fractal creature token, then put this creature's counters on that token.",{G},Creature — Turtle Wizard,rare,24282,0.604,SOS
Burrog Barrage,Target creature you control gets +1/+0 until end of turn if you've cast another instant or sorcery spell this turn. Then it deals damage equal to its power to up to one target creature an opponent controls.,{1}{G},Instant,common,78564,0.552,SOS
Chelonian Tackle,Target creature you control gets +0/+10 until end of turn. Then it fights up to one target creature an opponent controls. (Each deals damage equal to its power to the other.),{2}{G},Sorcery,uncommon,13555,0.502,SOS
Comforting Counsel,"Whenever you gain life, put a growth counter on this enchantment.
As long as there are five or more growth counters on this enchantment, creatures you control get +3/+3.",{1}{G},Enchantment,rare,5244,0.452,SOS
Efflorescence,"Put two +1/+1 counters on target creature.
Infusion — If you gained life this turn, that creature also gains trample and indestructible until end of turn.",{2}{G},Instant,common,5876,0.494,SOS
"Emil, Vastlands Roamer","Creatures you control with +1/+1 counters on them have trample.
{4}{G}, {T}: Create a 0/0 green and blue Fractal creature token. Put X +1/+1 counters on it, where X is the number of differently named lands you control.",{2}{G},Legendary Creature — Elf Druid,uncommon,31663,0.53,SOS
Environmental Scientist,"When this creature enters, you may search your library for a basic land card, reveal it, put it into your hand, then shuffle.",{1}{G},Creature — Human Druid,uncommon,63616,0.611,SOS
Follow the Lumarets,"Infusion — Look at the top four cards of your library. You may reveal a creature or land card from among them and put it into your hand. If you gained life this turn, you may instead reveal two creature and/or land cards from among them and put them into your hand. Put the rest on the bottom of your library in a random order.",{1}{G},Sorcery,common,25222,0.517,SOS
Germination Practicum,"Put two +1/+1 counters on each creature you control.
Paradigm (Then exile this spell. After you first resolve a spell with this name, you may cast a copy of it from exile without paying its mana cost at the beginning of each of your first main phases.)",{3}{G}{G},Sorcery — Lesson,mythic,11307,0.584,SOS
Glorious Decay,"Choose one —
• Destroy target artifact.
• Glorious Decay deals 4 damage to target creature with flying.
• Exile target card from a graveyard. Draw a card.",{1}{G},Instant,common,6287,0.513,SOS
Hungry Graffalon,"Reach
Increment (Whenever you cast a spell, if the amount of mana you spent is greater than this creature's power or toughness, put a +1/+1 counter on this creature.)",{3}{G},Creature — Giraffe,common,14428,0.507,SOS
Lumaret's Favor,"Infusion — When you cast this spell, copy it if you gained life this turn. You may choose new targets for the copy.
Target creature gets +2/+4 until end of turn.",{1}{G},Instant,uncommon,7584,0.528,SOS
Mindful Biomancer,"When this creature enters, you gain 1 life.
{2}{G}: This creature gets +2/+2 until end of turn. Activate only once each turn.",{1}{G},Creature — Dryad Druid,common,56336,0.534,SOS
Noxious Newt,"Deathtouch
{T}: Add {G}.",{1}{G},Creature — Salamander,common,94140,0.554,SOS
Oracle's Restoration,Target creature you control gets +1/+1 until end of turn. You draw a card and gain 1 life.,{G},Sorcery,common,11859,0.494,SOS
Pestbrood Sloth,"Reach
When this creature dies, create two 1/1 black and green Pest creature tokens with ""Whenever this token attacks, you gain 1 life.""",{3}{G},Creature — Plant Sloth,uncommon,51066,0.588,SOS
Planar Engineering,"Sacrifice two lands. Search your library for four basic land cards, put them onto the battlefield tapped, then shuffle.",{3}{G},Sorcery,rare,11449,0.559,SOS
Shopkeeper's Bane,"Trample
Whenever this creature attacks, you gain 2 life.",{2}{G},Creature — Badger Pest,common,44220,0.531,SOS
Slumbering Trudge,"This creature enters with a number of stun counters on it equal to three minus X. If X is 2 or less, it enters tapped. (If a permanent with a stun counter would become untapped, remove one from it instead.)",{X}{G},Creature — Plant Beast,rare,25247,0.591,SOS
Snarl Song,"Converge — Create two 0/0 green and blue Fractal creature tokens. Put X +1/+1 counters on each of them and you gain X life, where X is the number of colors of mana spent to cast this spell.",{5}{G},Sorcery,uncommon,78858,0.617,SOS
Tenured Concocter,"Vigilance
Whenever this creature becomes the target of a spell or ability an opponent controls, you may draw a card.
Infusion — This creature gets +2/+0 as long as you gained life this turn.",{4}{G},Creature — Troll Druid,common,34266,0.522,SOS
Thornfist Striker,"Ward {1} (Whenever this creature becomes the target of a spell or ability an opponent controls, counter it unless that player pays {1}.)
Infusion — Creatures you control get +1/+0 and have trample as long as you gained life this turn.",{2}{G},Creature — Elf Druid,uncommon,31859,0.56,SOS
Topiary Lecturer,"Increment (Whenever you cast a spell, if the amount of mana you spent is greater than this creature's power or toughness, put a +1/+1 counter on this creature.)
{T}: Add an amount of {G} equal to this creature's power.",{2}{G},Creature — Elf Druid,uncommon,30331,0.545,SOS
Wild Hypothesis,"Create a 0/0 green and blue Fractal creature token. Put X +1/+1 counters on it.
Surveil 2. (Look at the top two cards of your library, then put any number of them into your graveyard and the rest on top of your library in any order.)",{X}{G},Sorcery,common,31100,0.522,SOS
Wildgrowth Archaic,"Reach, trample
Converge — This creature enters with a +1/+1 counter on it for each color of mana spent to cast it.
Whenever you cast a creature spell, that creature enters with X additional +1/+1 counters on it, where X is the number of colors of mana spent to cast it.",{2/G}{2/G},Creature — Avatar,rare,23271,0.564,SOS
Zimone's Experiment,"Look at the top five cards of your library. You may reveal up to two creature and/or land cards from among them, then put the rest on the bottom of your library in a random order. Put all land cards revealed this way onto the battlefield tapped and put all creature cards revealed this way into your hand.",{3}{G},Sorcery,uncommon,16329,0.523,SOS
Abstract Paintmage,"At the beginning of your first main phase, add {U}{R}. Spend this mana only to cast instant and sorcery spells.",{U}{U/R}{R},Creature — Djinn Sorcerer,uncommon,22520,0.502,SOS
Applied Geometry,"Create a token that's a copy of target non-Aura permanent you control, except it's a 0/0 Fractal creature in addition to its other types. Put six +1/+1 counters on it.",{2}{G}{U},Sorcery,rare,27352,0.579,SOS
Ark of Hunger,"Whenever one or more cards leave your graveyard, this artifact deals 1 damage to each opponent and you gain 1 life.
{T}: Mill a card. You may play that card this turn.",{2}{R}{W},Artifact,rare,36976,0.631,SOS
"Aziza, Mage Tower Captain","Whenever you cast an instant or sorcery spell, you may tap three untapped creatures you control. If you do, copy that spell. You may choose new targets for the copy.",{R}{W},Legendary Creature — Djinn Sorcerer,rare,17127,0.532,SOS
"Berta, Wise Extrapolator","Increment (Whenever you cast a spell, if the amount of mana you spent is greater than this creature's power or toughness, put a +1/+1 counter on this creature.)
Whenever one or more +1/+1 counters are put on Berta, add one mana of any color.
{X}, {T}: Create a 0/0 green and blue Fractal creature token and put X +1/+1 counters on it.",{2}{G}{U},Legendary Creature — Frog Druid,rare,22196,0.553,SOS
"Blech, Loafing Pest","Whenever you gain life, put a +1/+1 counter on each Pest, Bat, Insect, Snake, and Spider you control.",{1}{B}{G},Legendary Creature — Pest,rare,17398,0.591,SOS
Bogwater Lumaret,"Whenever this creature or another creature you control enters, you gain 1 life.",{B}{G},Creature — Spirit Frog,common,74573,0.551,SOS
Borrowed Knowledge,"Choose one —
• Discard your hand, then draw cards equal to the number of cards in target opponent's hand.
• Discard your hand, then draw cards equal to the number of cards discarded this way.",{2}{R}{W},Sorcery,uncommon,1568,0.461,SOS
Cauldron of Essence,"Whenever a creature you control dies, each opponent loses 1 life and you gain 1 life.
{1}{B}{G}, {T}, Sacrifice a creature: Return target creature card from your graveyard to the battlefield. Activate only as a sorcery.",{1}{B}{G},Artifact,rare,15935,0.549,SOS
Colorstorm Stallion,"Ward {1}, haste
Opus — Whenever you cast an instant or sorcery spell, this creature gets +1/+1 until end of turn. If five or more mana was spent to cast that spell, create a token that's a copy of this creature.",{1}{U}{R},Creature — Elemental Horse,rare,32248,0.625,SOS
Colossus of the Blood Age,"When this creature enters, it deals 3 damage to each opponent and you gain 3 life.
When this creature dies, discard any number of cards, then draw that many cards plus one.",{4}{R}{W},Artifact Creature — Construct,uncommon,68864,0.585,SOS
Conciliator's Duelist,"When this creature enters, draw a card. Each player loses 1 life.
Repartee — Whenever you cast an instant or sorcery spell that targets a creature, exile up to one target creature. Return that card to the battlefield under its owner's control at the beginning of the next end step.",{W}{W}{B}{B},Creature — Kor Warlock,rare,22348,0.597,SOS
Cuboid Colony,"Flash
Flying, trample
Increment (Whenever you cast a spell, if the amount of mana you spent is greater than this creature's power or toughness, put a +1/+1 counter on this creature.)",{G}{U},Creature — Insect,uncommon,38030,0.562,SOS
Dina's Guidance,"Search your library for a creature card, reveal it, put it into your hand or graveyard, then shuffle.",{1}{B}{G},Instant,rare,1342,0.454,SOS
Elemental Mascot,"Flying, vigilance
Opus — Whenever you cast an instant or sorcery spell, this creature gets +1/+0 until end of turn. If five or more mana was spent to cast that spell, exile the top card of your library. You may play that card until the end of your next turn.",{1}{U}{R},Creature — Elemental Bird,common,74428,0.546,SOS
Embrace the Paradox,Draw three cards. You may put a land card from your hand onto the battlefield tapped.,{3}{G}{U},Instant,common,89575,0.563,SOS
Essenceknit Scholar,"When this creature enters, create a 1/1 black and green Pest creature token with ""Whenever this token attacks, you gain 1 life.""
At the beginning of your end step, if a creature died under your control this turn, draw a card.",{B}{B/G}{G},Creature — Dryad Warlock,uncommon,37966,0.58,SOS
Fix What's Broken,"As an additional cost to cast this spell, pay X life.
Return each artifact and creature card with mana value X from your graveyard to the battlefield.",{2}{W}{B},Sorcery,rare,3153,0.464,SOS
Fractal Mascot,"Trample
When this creature enters, tap target creature an opponent controls. Put a stun counter on it. (If a permanent with a stun counter would become untapped, remove one from it instead.)",{4}{G}{U},Creature — Fractal Elk,common,54194,0.541,SOS
Fractal Tender,"Ward {2}
Increment (Whenever you cast a spell, if the amount of mana you spent is greater than this creature's power or toughness, put a +1/+1 counter on this creature.)
At the beginning of each end step, if you put a counter on this creature this turn, create a 0/0 green and blue Fractal creature token and put three +1/+1 counters on it.",{3}{G}{U},Creature — Elf Wizard,uncommon,31144,0.533,SOS
Geometer's Arthropod,"Whenever you cast a spell with {X} in its mana cost, look at the top X cards of your library. Put one of them into your hand and the rest on the bottom of your library in a random order.",{G}{U},Creature — Fractal Crab,rare,9331,0.548,SOS
Grapple with Death,Destroy target artifact or creature. You gain 1 life.,{1}{B}{G},Sorcery,common,95664,0.564,SOS
Growth Curve,"Put a +1/+1 counter on target creature you control, then double the number of +1/+1 counters on that creature.",{G}{U},Sorcery,uncommon,4741,0.478,SOS
Hardened Academic,"Flying, haste
Discard a card: This creature gains lifelink until end of turn.
Whenever one or more cards leave your graveyard, put a +1/+1 counter on target creature you control.",{R}{W},Creature — Bird Cleric,rare,28053,0.606,SOS
Imperious Inkmage,"Vigilance
When this creature enters, surveil 2. (Look at the top two cards of your library, then put any number of them into your graveyard and the rest on top of your library in any order.)",{1}{W}{B},Creature — Orc Warlock,common,82473,0.572,SOS
Inkling Mascot,"Repartee — Whenever you cast an instant or sorcery spell that targets a creature, this creature gains flying until end of turn. Surveil 1. (Look at the top card of your library. You may put it into your graveyard.)",{W}{B},Creature — Inkling Cat,common,94463,0.561,SOS
Killian's Confidence,"Target creature gets +1/+1 until end of turn. Draw a card.
Whenever one or more creatures you control deal combat damage to a player, you may pay {W/B}. If you do, return this card from your graveyard to your hand.",{W}{B},Sorcery,uncommon,38893,0.565,SOS
Lorehold Charm,"Choose one —
• Each opponent sacrifices a nontoken artifact of their choice.
• Return target artifact or creature card with mana value 2 or less from your graveyard to the battlefield.
• Creatures you control get +1/+1 and gain trample until end of turn.",{R}{W},Instant,uncommon,25143,0.535,SOS
"Lorehold, the Historian","Flying, haste
Each instant and sorcery card in your hand has miracle {2}. (You may cast a card for its miracle cost when you draw it if it's the first card you drew this turn.)
At the beginning of each opponent's upkeep, you may discard a card. If you do, draw a card.",{3}{R}{W},Legendary Creature — Elder Dragon,mythic,13906,0.579,SOS
Mind into Matter,Draw X cards. Then you may put a permanent card with mana value X or less from your hand onto the battlefield tapped.,{X}{G}{U},Sorcery,rare,26005,0.579,SOS
Mind Roots,Target player discards two cards. Put up to one land card discarded this way onto the battlefield tapped under your control.,{1}{B}{G},Sorcery,uncommon,24476,0.531,SOS
Molten Note,"Molten Note deals damage to target creature equal to the amount of mana spent to cast this spell. Untap all creatures you control.
Flashback {6}{R}{W} (You may cast this card from your graveyard for its flashback cost. Then exile it.)",{X}{R}{W},Sorcery,uncommon,72080,0.594,SOS
Moment of Reckoning,"Choose up to four. You may choose the same mode more than once.
• Destroy target nonland permanent.
• Return target nonland permanent card from your graveyard to the battlefield.",{3}{W}{W}{B}{B},Sorcery,rare,28367,0.633,SOS
"Nita, Forum Conciliator","Whenever you cast a spell you don't own, put a +1/+1 counter on each creature you control.
{2}, Sacrifice another creature: Exile target instant or sorcery card from an opponent's graveyard. You may cast it this turn, and mana of any type can be spent to cast that spell. If that spell would be put into a graveyard, exile it instead. Activate only as a sorcery.",{1}{W}{B},Legendary Creature — Human Advisor,rare,9155,0.514,SOS
Old-Growth Educator,"Reach, vigilance
Infusion — When this creature enters, put two +1/+1 counters on it if you gained life this turn.",{2}{B}{G},Creature — Treefolk Druid,uncommon,27525,0.539,SOS
Paradox Surveyor,"Reach
When this creature enters, look at the top five cards of your library. You may reveal a land card or a card with {X} in its mana cost from among them and put it into your hand. Put the rest on the bottom of your library in a random order.",{G}{G/U}{U},Creature — Elf Druid,uncommon,51795,0.585,SOS
Pest Mascot,"Trample
Whenever you gain life, put a +1/+1 counter on this creature.",{1}{B}{G},Creature — Pest Ape,common,65034,0.532,SOS
Practiced Scrollsmith,"First strike
When this creature enters, exile target noncreature, nonland card from your graveyard. Until the end of your next turn, you may cast that card.",{R}{R/W}{W},Creature — Dwarf Cleric,uncommon,70789,0.59,SOS
Prismari Charm,"Choose one —
• Surveil 2, then draw a card.
• Prismari Charm deals 1 damage to each of one or two targets.
• Return target nonland permanent to its owner's hand.",{U}{R},Instant,uncommon,52783,0.567,SOS
"Prismari, the Inspiration","Flying
Ward—Pay 5 life.
Instant and sorcery spells you cast have storm. (Whenever you cast an instant or sorcery spell, copy it for each spell cast before it this turn. You may choose new targets for the copies.)",{5}{U}{R},Legendary Creature — Elder Dragon,mythic,10060,0.542,SOS
Proctor's Gaze,"Return up to one target nonland permanent to its owner's hand. Search your library for a basic land card, put it onto the battlefield tapped, then shuffle.",{2}{G}{U},Instant,uncommon,58360,0.578,SOS
Professor Dellian Fel,"[+2]: You gain 3 life.
[0]: You draw a card and lose 1 life.
[−3]: Destroy target creature.
[−6]: You get an emblem with ""Whenever you gain life, target opponent loses that much life.""",{2}{B}{G},Legendary Planeswalker — Dellian,mythic,12229,0.627,SOS
Pterafractyl,"Flying
This creature enters with X +1/+1 counters on it.
When this creature enters, you gain 2 life.",{X}{G}{U},Creature — Dinosaur Fractal,common,65970,0.536,SOS
Pursue the Past,"You gain 2 life. You may discard a card. If you do, draw two cards.
Flashback {2}{R}{W} (You may cast this card from your graveyard for its flashback cost. Then exile it.)",{R}{W},Sorcery,common,131150,0.591,SOS
Quandrix Charm,"Choose one —
• Counter target spell unless its controller pays {2}.
• Destroy target enchantment.
• Target creature has base power and toughness 5/5 until end of turn.",{G}{U},Instant,uncommon,39915,0.576,SOS
"Quandrix, the Proof","Flying, trample
Cascade (When you cast this spell, exile cards from the top of your library until you exile a nonland card that costs less. You may cast it without paying its mana cost. Put the exiled cards on the bottom in a random order.)
Instant and sorcery spells you cast from your hand have cascade.",{4}{G}{U},Legendary Creature — Elder Dragon,mythic,13691,0.612,SOS
Rapturous Moment,"Draw three cards, then discard two cards. Add {U}{U}{R}{R}{R}.",{4}{U}{R},Sorcery,uncommon,27194,0.533,SOS
Render Speechless,"Target opponent reveals their hand. You choose a nonland card from it. That player discards that card.
Put two +1/+1 counters on up to one target creature.",{2}{W}{B},Sorcery,common,82026,0.574,SOS
Resonating Lute,"Lands you control have ""{T}: Add two mana of any one color. Spend this mana only to cast instant and sorcery spells.""
{T}: Draw a card. Activate only if you have seven or more cards in your hand.",{2}{U}{R},Artifact,rare,25105,0.561,SOS
Root Manipulation,"Until end of turn, creatures you control get +2/+2 and gain menace and ""Whenever this creature attacks, you gain 1 life."" (A creature with menace can't be blocked except by two or more creatures.)",{3}{B}{G},Sorcery,uncommon,14511,0.527,SOS
Scolding Administrator,"Menace (This creature can't be blocked except by two or more creatures.)
Repartee — Whenever you cast an instant or sorcery spell that targets a creature, put a +1/+1 counter on this creature.
When this creature dies, if it had counters on it, put those counters on up to one target creature.",{W}{B},Creature — Dwarf Cleric,uncommon,51212,0.604,SOS
Silverquill Charm,"Choose one —
• Put two +1/+1 counters on target creature.
• Exile target creature with power 2 or less.
• Each opponent loses 3 life and you gain 3 life.",{W}{B},Instant,uncommon,47367,0.595,SOS
"Silverquill, the Disputant","Flying, vigilance
Each instant and sorcery spell you cast has casualty 1. (As you cast that spell, you may sacrifice a creature with power 1 or greater. When you do, copy the spell and you may choose new targets for the copy.)",{2}{W}{B},Legendary Creature — Elder Dragon,mythic,9372,0.552,SOS
Snooping Page,"Repartee — Whenever you cast an instant or sorcery spell that targets a creature, this creature can't be blocked this turn.
Whenever this creature deals combat damage to a player, you draw a card and lose 1 life.",{1}{W}{B},Creature — Human Cleric,uncommon,43086,0.558,SOS
Social Snub,"When you cast this spell while you control a creature, you may copy this spell.
Each player sacrifices a creature of their choice. Each opponent loses 1 life and you gain 1 life.",{1}{W}{B},Sorcery,uncommon,4705,0.512,SOS
Spectacular Skywhale,"Flying
Opus — Whenever you cast an instant or sorcery spell, this creature gets +3/+0 until end of turn. If five or more mana was spent to cast that spell, put three +1/+1 counters on this creature instead.",{2}{U}{R},Creature — Elemental Whale,uncommon,35100,0.522,SOS
Spirit Mascot,"Whenever one or more cards leave your graveyard, put a +1/+1 counter on this creature.",{R}{W},Creature — Spirit Ox,common,114521,0.555,SOS
Splatter Technique,"Choose one —
• Draw four cards.
• Splatter Technique deals 4 damage to each creature and planeswalker.",{1}{U}{U}{R}{R},Sorcery,rare,31493,0.61,SOS
Stadium Tidalmage,"Whenever this creature enters or attacks, you may draw a card. If you do, discard a card.",{2}{U}{R},Creature — Djinn Sorcerer,common,53956,0.541,SOS
Startled Relic Sloth,"Trample, lifelink
At the beginning of combat on your turn, exile up to one target card from a graveyard.",{2}{R}{W},Creature — Sloth Beast,uncommon,58898,0.573,SOS
Stirring Honormancer,"When this creature enters, look at the top X cards of your library, where X is the number of creatures you control. Put one of those cards into your hand and the rest into your graveyard.",{2}{W}{W/B}{B},Creature — Rhino Bard,uncommon,47862,0.579,SOS
Stress Dream,Stress Dream deals 5 damage to up to one target creature. Look at the top two cards of your library. Put one of those cards into your hand and the other on the bottom of your library.,{3}{U}{R},Instant,uncommon,76388,0.601,SOS
Suspend Aggression,"Exile target nonland permanent and the top card of your library. For each of those cards, its owner may play it until the end of their next turn.",{1}{R}{W},Instant,rare,25936,0.573,SOS
Teacher's Pest,"Menace (This creature can't be blocked except by two or more creatures.)
Whenever this creature attacks, you gain 1 life.
{B}{G}: Return this card from your graveyard to the battlefield tapped.",{B}{G},Creature — Skeleton Pest,uncommon,32046,0.546,SOS
Traumatic Critique,"Traumatic Critique deals X damage to any target. Draw two cards, then discard a card.",{X}{U}{R},Instant,rare,33623,0.603,SOS
Vibrant Outburst,Vibrant Outburst deals 3 damage to any target. Tap up to one target creature.,{U}{R},Instant,uncommon,65067,0.588,SOS
Vicious Rivalry,"As an additional cost to cast this spell, pay X life.
Destroy all artifacts and creatures with mana value X or less.",{2}{B}{G},Sorcery,rare,21501,0.589,SOS
Visionary's Dance,"Create two 3/3 blue and red Elemental creature tokens with flying.
{2}, Discard this card: Look at the top two cards of your library. Put one of them into your hand and the other into your graveyard.",{5}{U}{R},Sorcery,common,135752,0.564,SOS
Wilt in the Heat,"This spell costs {2} less to cast if one or more cards left your graveyard this turn.
Wilt in the Heat deals 5 damage to target creature. If that creature would die this turn, exile it instead.",{2}{R}{W},Instant,common,131765,0.569,SOS
Witherbloom Charm,"Choose one —
• You may sacrifice a permanent. If you do, draw two cards.
• You gain 5 life.
• Destroy target nonland permanent with mana value 2 or less.",{B}{G},Instant,uncommon,26781,0.539,SOS
"Witherbloom, the Balancer","Affinity for creatures (This spell costs {1} less to cast for each creature you control.)
Flying, deathtouch
Instant and sorcery spells you cast have affinity for creatures.",{6}{B}{G},Legendary Creature — Elder Dragon,mythic,6461,0.505,SOS
Zaffai and the Tempests,"Once during each of your turns, you may cast an instant or sorcery spell from your hand without paying its mana cost.",{5}{U}{R},Legendary Creature — Human Bard Sorcerer,rare,9948,0.515,SOS
Biblioplex Tomekeeper,"When this creature enters, choose up to one —
• Target creature becomes prepared. (Only creatures with prepare spells can become prepared.)
• Target creature becomes unprepared.",{4},Artifact Creature — Construct,common,2165,0.455,SOS
Diary of Dreams,"Whenever you cast an instant or sorcery spell, put a page counter on this artifact.
{5}, {T}: Draw a card. This ability costs {1} less to activate for each page counter on this artifact.",{2},Artifact — Book,uncommon,28253,0.517,SOS
Mage Tower Referee,"Whenever you cast a multicolored spell, put a +1/+1 counter on this creature.",{2},Artifact Creature — Construct,common,36871,0.538,SOS
"Page, Loose Leaf","{T}: Add {C}.
Grandeur — Discard another card named Page, Loose Leaf: Reveal cards from the top of your library until you reveal an instant or sorcery card. Put that card into your hand and the rest on the bottom of your library in a random order.",{2},Legendary Artifact Creature — Construct,common,20954,0.527,SOS
Potioner's Trove,"{T}: Add one mana of any color.
{T}: You gain 2 life. Activate only if you've cast an instant or sorcery spell this turn.",{3},Artifact,common,154963,0.574,SOS
Strixhaven Skycoach,"Flying
When this Vehicle enters, you may search your library for a basic land card, reveal it, put it into your hand, then shuffle.
Crew 2 (Tap any number of creatures you control with total power 2 or more: This Vehicle becomes an artifact creature until end of turn.)",{3},Artifact — Vehicle,uncommon,79923,0.589,SOS
Deathcap Glade,"This land enters tapped unless you control two or more other lands.
{T}: Add {B} or {G}.",,Land,rare,19252,0.557,SOS
Dreamroot Cascade,"This land enters tapped unless you control two or more other lands.
{T}: Add {G} or {U}.",,Land,rare,23443,0.566,SOS
Fields of Strife,"This land enters tapped.
{T}: Add {R} or {W}.
{2}{R}{W}, {T}: Surveil 1. (Look at the top card of your library. You may put it into your graveyard.)",,Land,common,170360,0.569,SOS
Forum of Amity,"This land enters tapped.
{T}: Add {W} or {B}.
{2}{W}{B}, {T}: Surveil 1. (Look at the top card of your library. You may put it into your graveyard.)",,Land,common,127266,0.559,SOS
Great Hall of the Biblioplex,"{T}: Add {C}.
{T}, Pay 1 life: Add one mana of any color. Spend this mana only to cast an instant or sorcery spell.
{5}: If this land isn't a creature, it becomes a 2/4 Wizard creature with ""Whenever you cast an instant or sorcery spell, this creature gets +1/+0 until end of turn."" It's still a land.",,Land,rare,31228,0.588,SOS
Paradox Gardens,"This land enters tapped.
{T}: Add {G} or {U}.
{2}{G}{U}, {T}: Surveil 1. (Look at the top card of your library. You may put it into your graveyard.)",,Land,common,150918,0.562,SOS
Shattered Sanctum,"This land enters tapped unless you control two or more other lands.
{T}: Add {W} or {B}.",,Land,rare,20344,0.572,SOS
Skycoach Waypoint,"{T}: Add {C}.
{3}, {T}: Target creature becomes prepared. (Only creatures with prepare spells can become prepared.)",,Land,uncommon,5858,0.497,SOS
Spectacle Summit,"This land enters tapped.
{T}: Add {U} or {R}.
{2}{U}{R}, {T}: Surveil 1. (Look at the top card of your library. You may put it into your graveyard.)",,Land,common,177681,0.564,SOS
Stormcarved Coast,"This land enters tapped unless you control two or more other lands.
{T}: Add {U} or {R}.",,Land,rare,27827,0.569,SOS
Sundown Pass,"This land enters tapped unless you control two or more other lands.
{T}: Add {R} or {W}.",,Land,rare,26223,0.571,SOS
Terramorphic Expanse,"{T}, Sacrifice this land: Search your library for a basic land card, put it onto the battlefield tapped, then shuffle.",,Land,common,169836,0.563,SOS
Titan's Grave,"This land enters tapped.
{T}: Add {B} or {G}.
{2}{B}{G}, {T}: Surveil 1. (Look at the top card of your library. You may put it into your graveyard.)",,Land,common,126771,0.553,SOS
"Abigale, Poet Laureate // Heroic Stanza","Flying
Whenever you cast a creature spell, Abigale becomes prepared. (While it's prepared, you may cast a copy of its spell. Doing so unprepares it.)
Put a +1/+1 counter on target creature.",{1}{W}{B},Legendary Creature — Bird Bard,uncommon,35517,0.546,SOS
Adventurous Eater // Have a Bite,"This creature enters prepared. (While it's prepared, you may cast a copy of its spell. Doing so unprepares it.)
Put a +1/+1 counter on target creature. You gain 1 life.",{2}{B},Creature — Human Warlock,common,69083,0.54,SOS
Blazing Firesinger // Seething Song,"This creature enters prepared. (While it's prepared, you may cast a copy of its spell. Doing so unprepares it.)
Add {R}{R}{R}{R}{R}.",{2}{R},Creature — Dwarf Bard,uncommon,17613,0.498,SOS
Campus Composer // Aqueous Aria,"Ward {2}
This creature enters prepared. (While it's prepared, you may cast a copy of its spell. Doing so unprepares it.)
Create a 3/3 blue and red Elemental creature token with flying.",{3}{U},Creature — Merfolk Bard,uncommon,36038,0.54,SOS
Cheerful Osteomancer // Raise Dead,"This creature enters prepared. (While it's prepared, you may cast a copy of its spell. Doing so unprepares it.)
Return target creature card from your graveyard to your hand.",{3}{B},Creature — Orc Warlock,common,44338,0.514,SOS
Elite Interceptor // Rejoinder,"This creature enters prepared. (While it's prepared, you may cast a copy of its spell. Doing so unprepares it.)
You may tap or untap target creature.
Draw a card.",{W},Creature — Human Wizard,common,172182,0.592,SOS
Emeritus of Abundance // Regrowth,"Vigilance
This creature enters prepared.
Whenever this creature attacks, if you control eight or more lands, this creature becomes prepared.
Return target card from your graveyard to your hand.",{2}{G},Creature — Elf Druid,mythic,12212,0.593,SOS
Emeritus of Conflict // Lightning Bolt,"First strike
Whenever you cast your third spell each turn, this creature becomes prepared. (While it's prepared, you may cast a copy of its spell. Doing so unprepares it.)
Lightning Bolt deals 3 damage to any target.",{1}{R},Creature — Human Wizard,mythic,11763,0.546,SOS
Emeritus of Ideation // Ancestral Recall,"Flying, ward {2}
This creature enters prepared.
Whenever this creature attacks, you may exile eight cards from your graveyard. If you do, this creature becomes prepared.
Target player draws three cards.",{3}{U}{U},Creature — Human Wizard,mythic,15071,0.645,SOS
Emeritus of Truce // Swords to Plowshares,"When this creature enters, target player creates a 1/1 white and black Inkling creature token with flying. Then if an opponent controls more creatures than you, this creature becomes prepared. (While it's prepared, you may cast a copy of its spell. Doing so unprepares it.)
Exile target creature. Its controller gains life equal to its power.",{1}{W}{W},Creature — Cat Cleric,mythic,12551,0.585,SOS
Emeritus of Woe // Demonic Tutor,"This creature enters prepared. (While it's prepared, you may cast a copy of its spell. Doing so unprepares it.)
At the beginning of your end step, if two or more creatures died this turn, this creature becomes prepared.
Search your library for a card, put that card into your hand, then shuffle.",{3}{B},Creature — Vampire Warlock,mythic,12640,0.59,SOS
Encouraging Aviator // Jump,"Flying
Whenever this creature attacks, it becomes prepared. (While it's prepared, you may cast a copy of its spell. Doing so unprepares it.)
Target creature gains flying until end of turn.",{2}{U},Creature — Bird Wizard,uncommon,20021,0.504,SOS
Goblin Glasswright // Craft with Pride,"This creature enters prepared. (While it's prepared, you may cast a copy of its spell. Doing so unprepares it.)
Create a Treasure token. (It's an artifact with ""{T}, Sacrifice this token: Add one mana of any color."")",{1}{R},Creature — Goblin Sorcerer,common,103961,0.539,SOS
Grave Researcher // Reanimate,"At the beginning of your upkeep, surveil 1. Then if there are three or more creature cards in your graveyard, this creature becomes prepared. (While it's prepared, you may cast a copy of its spell. Doing so unprepares it.)
Put target creature card from a graveyard onto the battlefield under your control. You lose life equal to that card's mana value.",{2}{B},Creature — Troll Warlock,rare,19479,0.555,SOS
Harmonized Trio // Brainstorm,"{T}, Tap two untapped creatures you control: This creature becomes prepared. (While it's prepared, you may cast a copy of its spell. Doing so unprepares it.)
Draw three cards, then put two cards from your hand on top of your library in any order.",{U},Creature — Merfolk Bard Wizard,rare,13817,0.533,SOS
Honorbound Page // Forum's Favor,"First strike
This creature enters prepared. (While it's prepared, you may cast a copy of its spell. Doing so unprepares it.)
Target creature gets +1/+0 and gains flying until end of turn.",{3}{W},Creature — Cat Cleric,common,47495,0.531,SOS
Infirmary Healer // Stream of Life,"This creature enters prepared. (While it's prepared, you may cast a copy of its spell. Doing so unprepares it.)
Target player gains X life.",{1}{G},Creature — Cat Cleric,uncommon,34280,0.536,SOS
"Jadzi, Steward of Fate // Oracle's Gift","Jadzi enters prepared. (While it's prepared, you may cast a copy of its spell. Doing so unprepares it.)
When Jadzi enters, draw two cards, then discard two cards.
Create X 0/0 green and blue Fractal creature tokens, then put X +1/+1 counters on each Fractal you control.",{2}{U},Legendary Creature — Human Wizard,rare,31432,0.595,SOS
Joined Researchers // Secret Rendezvous,"First strike
At the beginning of each end step, if an opponent has more cards in hand than you, this creature becomes prepared. (While it's prepared, you may cast a copy of its spell. Doing so unprepares it.)
You and target opponent each draw three cards.",{1}{W},Creature — Human Cleric Wizard,rare,19420,0.549,SOS
"Kirol, History Buff // Pack a Punch","Whenever one or more cards leave your graveyard, Kirol becomes prepared. (While it's prepared, you may cast a copy of its spell. Doing so unprepares it.)
Mill a card. Put two +1/+1 counters on target creature. It gains trample until end of turn.",{R}{W},Legendary Creature — Vampire Cleric,uncommon,48997,0.557,SOS
Landscape Painter // Vibrant Idea,"This creature enters prepared. (While it's prepared, you may cast a copy of its spell. Doing so unprepares it.)
Draw two cards.",{1}{U},Creature — Merfolk Wizard,common,71832,0.536,SOS
Leech Collector // Bloodletting,"Whenever you gain life for the first time each turn, this creature becomes prepared. (While it's prepared, you may cast a copy of its spell. Doing so unprepares it.)
Each opponent loses 2 life.",{1}{B},Creature — Human Warlock,uncommon,25415,0.518,SOS
"Lluwen, Exchange Student // Pest Friend","Lluwen enters prepared. (While it's prepared, you may cast a copy of its spell. Doing so unprepares it.)
Exile a creature card from your graveyard: Lluwen becomes prepared. Activate only as a sorcery.
Create a 1/1 black and green Pest creature token with ""Whenever this token attacks, you gain 1 life.""",{2}{B}{G},Legendary Creature — Elf Druid,uncommon,31990,0.559,SOS
Maelstrom Artisan // Rocket Volley,"Haste
This creature enters prepared. (While it's prepared, you may cast a copy of its spell. Doing so unprepares it.)
Destroy target nonbasic land.",{1}{R}{R},Creature — Minotaur Sorcerer,rare,7487,0.512,SOS
Pigment Wrangler // Striking Palette,"Flying
This creature enters prepared. (While it's prepared, you may cast a copy of its spell. Doing so unprepares it.)
When you next cast an instant or sorcery spell this turn, copy that spell. You may choose new targets for the copy.",{4}{R},Creature — Orc Sorcerer,uncommon,33724,0.51,SOS
Quill-Blade Laureate // Twofold Intent,"Double strike
This creature enters prepared. (While it's prepared, you may cast a copy of its spell. Doing so unprepares it.)
Target creature gets +1/+0 and gains double strike until end of turn.",{1}{W},Creature — Human Cleric,uncommon,54320,0.569,SOS
"Sanar, Unfinished Genius // Wild Idea","Sanar enters prepared. (While it's prepared, you may cast a copy of its spell. Doing so unprepares it.)
{T}: Create a Treasure token. Activate only if you've cast an instant or sorcery spell this turn.
Search your library for an instant or sorcery card, reveal it, put it into your hand, then shuffle.",{U}{R},Legendary Creature — Goblin Sorcerer,uncommon,64162,0.588,SOS
Scathing Shadelock // Venomous Words,"At the beginning of your first main phase, this creature becomes prepared. (While it's prepared, you may cast a copy of its spell. Doing so unprepares it.)
Target creature you control gets +2/+0 and gains deathtouch until end of turn.",{4}{B},Creature — Snake Warlock,uncommon,20904,0.524,SOS
Scheming Silvertongue // Sign in Blood,"Flying, lifelink
At the beginning of your second main phase, if you gained 2 or more life this turn, this creature becomes prepared. (While it's prepared, you may cast a copy of its spell. Doing so unprepares it.)
Target player draws two cards and loses 2 life.",{1}{B},Creature — Vampire Warlock,rare,23256,0.59,SOS
Skycoach Conductor // All Aboard,"Flash
Flying, vigilance
This creature enters prepared. (While it's prepared, you may cast a copy of its spell. Doing so unprepares it.)
Exile target non-Pilot creature you control, then return that card to the battlefield under its owner's control.",{2}{U},Creature — Bird Pilot,rare,24127,0.57,SOS
Spellbook Seeker // Careful Study,"Flying
This creature enters prepared. (While it's prepared, you may cast a copy of its spell. Doing so unprepares it.)
Draw two cards, then discard two cards.",{3}{U},Creature — Bird Wizard,common,29950,0.506,SOS
Spiritcall Enthusiast // Scrollboost,"Whenever one or more tokens you control enter, this creature becomes prepared. (While it's prepared, you may cast a copy of its spell. Doing so unprepares it.)
One or two target creatures each get +2/+2 until end of turn.",{2}{W},Creature — Cat Cleric,uncommon,20421,0.519,SOS
Strife Scholar // Awaken the Ages,"Ward—Pay 2 life.
This creature enters prepared. (While it's prepared, you may cast a copy of its spell. Doing so unprepares it.)
Create two 2/2 red and white Spirit creature tokens.",{2}{R},Creature — Orc Sorcerer,common,29688,0.509,SOS
Studious First-Year // Rampant Growth,"This creature enters prepared. (While it's prepared, you may cast a copy of its spell. Doing so unprepares it.)
Search your library for a basic land card, put that card onto the battlefield tapped, then shuffle.",{G},Creature — Bear Wizard,common,113054,0.569,SOS
"Tam, Observant Sequencer // Deep Sight","Landfall — Whenever a land you control enters, Tam becomes prepared. (While it's prepared, you may cast a copy of its spell. Doing so unprepares it.)
You draw a card and gain 1 life.",{2}{G}{U},Legendary Creature — Gorgon Wizard,uncommon,32232,0.524,SOS
Vastlands Scavenger // Bind to Life,"Deathtouch
This creature enters prepared. (While it's prepared, you may cast a copy of its spell. Doing so unprepares it.)
Mill seven cards. Then put a creature card from among them onto the battlefield.",{1}{G}{G},Creature — Bear Druid,rare,20073,0.571,SOS
Anticausal Vestige,"When this creature leaves the battlefield, draw a card, then you may put a permanent card with mana value less than or equal to the number of lands you control from your hand onto the battlefield tapped.
Warp {4} (You may cast this card from your hand for its warp cost. Exile this creature at the beginning of the next end step, then you may cast it from exile on a later turn.)",{6},Creature — Eldrazi,rare,27910,0.594,EOE
"Tezzeret, Cruel Captain","Whenever an artifact you control enters, put a loyalty counter on Tezzeret.
[0]: Untap target artifact or creature. If it's an artifact creature, put a +1/+1 counter on it.
[−3]: Search your library for an artifact card with mana value 1 or less, reveal it, put it into your hand, then shuffle.
[−7]: You get an emblem with ""At the beginning of combat on your turn, put three +1/+1 counters on target artifact you control. If it's not a creature, it becomes a 0/0 Robot artifact creature.""",{3},Legendary Planeswalker — Tezzeret,mythic,8541,0.52,EOE
All-Fates Stalker,"When this creature enters, exile up to one target non-Assassin creature until this creature leaves the battlefield.
Warp {1}{W} (You may cast this card from your hand for its warp cost. Exile this creature at the beginning of the next end step, then you may cast it from exile on a later turn.)",{3}{W},Creature — Drix Assassin,uncommon,65429,0.598,EOE
Astelli Reclaimer,"Flying
When this creature enters, return target noncreature, nonland permanent card with mana value X or less from your graveyard to the battlefield, where X is the amount of mana spent to cast this creature.
Warp {2}{W}",{3}{W}{W},Creature — Angel Warrior,rare,18742,0.564,EOE
Auxiliary Boosters,"When this Equipment enters, create a 2/2 colorless Robot artifact creature token and attach this Equipment to it.
Equipped creature gets +1/+2 and has flying.
Equip {3} ({3}: Attach to target creature you control. Equip only as a sorcery.)",{4}{W},Artifact — Equipment,common,72572,0.549,EOE
Banishing Light,"When this enchantment enters, exile target nonland permanent an opponent controls until this enchantment leaves the battlefield.",{2}{W},Enchantment,common,139394,0.583,EOE
Beyond the Quiet,Exile all creatures and Spacecraft.,{3}{W}{W},Sorcery,rare,19748,0.594,EOE
Brightspear Zealot,"Vigilance
This creature gets +2/+0 as long as you've cast two or more spells this turn.",{2}{W},Creature — Human Soldier,common,29474,0.534,EOE
Cosmogrand Zenith,"Whenever you cast your second spell each turn, choose one —
• Create two 1/1 white Human Soldier creature tokens.
• Put a +1/+1 counter on each creature you control.",{2}{W},Creature — Human Soldier,mythic,13026,0.636,EOE
Dawnstrike Vanguard,"Lifelink
At the beginning of your end step, if you control two or more tapped creatures, put a +1/+1 counter on each creature you control other than this creature.",{5}{W},Creature — Human Knight,uncommon,24661,0.521,EOE
Dockworker Drone,"This creature enters with a +1/+1 counter on it.
When this creature dies, put its counters on target creature you control.",{1}{W},Artifact Creature — Robot,common,105640,0.543,EOE
Dual-Sun Adepts,"Double strike
{5}: Creatures you control get +1/+1 until end of turn.",{2}{W},Creature — Human Soldier,uncommon,48786,0.568,EOE
Dual-Sun Technique,"Target creature you control gains double strike until end of turn. If it has a +1/+1 counter on it, draw a card.",{1}{W},Instant,uncommon,13507,0.51,EOE
Emergency Eject,"Destroy target nonland permanent. Its controller creates a Lander token. (It's an artifact with ""{2}, {T}, Sacrifice this token: Search your library for a basic land card, put it onto the battlefield tapped, then shuffle."")",{2}{W},Instant,uncommon,25867,0.532,EOE
Exalted Sunborn,"Flying, lifelink
If one or more tokens would be created under your control, twice that many of those tokens are created instead.
Warp {1}{W} (You may cast this card from your hand for its warp cost. Exile this creature at the beginning of the next end step, then you may cast it from exile on a later turn.)",{3}{W}{W},Creature — Angel Wizard,mythic,10039,0.576,EOE
Exosuit Savior,"Flying
When this creature enters, return up to one other target permanent you control to its owner's hand.",{2}{W},Creature — Human Soldier,common,56762,0.524,EOE
Flight-Deck Coordinator,"At the beginning of your end step, if you control two or more tapped creatures, you gain 2 life.",{2}{W},Creature — Human Soldier,common,35410,0.548,EOE
Focus Fire,"Focus Fire deals X damage to target attacking or blocking creature, where X is 2 plus the number of creatures and/or Spacecraft you control.",{W},Instant,common,126188,0.569,EOE
"Haliya, Guided by Light","Whenever Haliya or another creature or artifact you control enters, you gain 1 life.
At the beginning of your end step, draw a card if you've gained 3 or more life this turn.
Warp {W} (You may cast this card from your hand for its warp cost. Exile this creature at the beginning of the next end step, then you may cast it from exile on a later turn.)",{2}{W},Legendary Creature — Human Soldier,rare,21806,0.6,EOE
Hardlight Containment,"Enchant artifact you control
When this Aura enters, exile target creature an opponent controls until this Aura leaves the battlefield.
Enchanted permanent has ward {1}.",{W},Enchantment — Aura,rare,7402,0.521,EOE
Honor,"Put a +1/+1 counter on target creature.
Draw a card.",{W},Sorcery,uncommon,41227,0.561,EOE
Honored Knight-Captain,"When this creature enters, create a 1/1 white Human Soldier creature token.
{4}{W}{W}, Sacrifice this creature: Search your library for an Equipment card, put it onto the battlefield, then shuffle.",{1}{W},Creature — Human Advisor Knight,uncommon,48232,0.565,EOE
Knight Luminary,"When this creature enters, create a 1/1 white Human Soldier creature token.
Warp {1}{W} (You may cast this card from your hand for its warp cost. Exile this creature at the beginning of the next end step, then you may cast it from exile on a later turn.)",{3}{W},Creature — Human Knight,common,144120,0.575,EOE
Lightstall Inquisitor,"Vigilance
When this creature enters, each opponent exiles a card from their hand and may play that card for as long as it remains exiled. Each spell cast this way costs {1} more to cast. Each land played this way enters tapped.",{W},Creature — Angel Wizard,rare,17585,0.579,EOE
Lumen-Class Frigate,"Station (Tap another creature you control: Put charge counters equal to its power on this Spacecraft. Station only as a sorcery. It's an artifact creature at 12+.)
2+ | Other creatures you control get +1/+1.
12+ | Flying, lifelink",{1}{W},Artifact — Spacecraft,rare,23862,0.602,EOE
Luxknight Breacher,This creature enters with a +1/+1 counter on it for each other creature and/or artifact you control.,{3}{W},Creature — Human Knight,common,24289,0.51,EOE
Pinnacle Starcage,"When this artifact enters, exile all artifacts and creatures with mana value 2 or less until this artifact leaves the battlefield.
{6}{W}{W}: Put each card exiled with this artifact into its owner's graveyard, then create a 2/2 colorless Robot artifact creature token for each card put into a graveyard this way. Sacrifice this artifact.",{1}{W}{W},Artifact,rare,2818,0.474,EOE
Pulsar Squadron Ace,"When this creature enters, look at the top five cards of your library. You may reveal a Spacecraft card from among them and put it into your hand. Put the rest on the bottom of your library in a random order. If you didn't put a card into your hand this way, put a +1/+1 counter on this creature.",{1}{W},Creature — Human Pilot,uncommon,46523,0.554,EOE
Radiant Strike,Destroy target artifact or tapped creature. You gain 3 life.,{3}{W},Instant,common,84884,0.559,EOE
Rayblade Trooper,"When this creature enters, put a +1/+1 counter on target creature you control.
Whenever a nontoken creature you control with a +1/+1 counter on it dies, create a 1/1 white Human Soldier creature token.
Warp {1}{W} (You may cast this card from your hand for its warp cost. Exile this creature at the beginning of the next end step, then you may cast it from exile on a later turn.)",{2}{W},Creature — Human Soldier,uncommon,56490,0.586,EOE
Reroute Systems,"Choose one —
• Target artifact or creature gains indestructible until end of turn. (Damage and effects that say ""destroy"" don't destroy it.)
• Reroute Systems deals 2 damage to target tapped creature.",{W},Instant,uncommon,23487,0.527,EOE
Rescue Skiff,"When this Spacecraft enters, return target creature or enchantment card from your graveyard to the battlefield.
Station (Tap another creature you control: Put charge counters equal to its power on this Spacecraft. Station only as a sorcery. It's an artifact creature at 10+.)
10+ | Flying",{5}{W},Artifact — Spacecraft,uncommon,23325,0.527,EOE
Scout for Survivors,Return up to three target creature cards with total mana value 3 or less from your graveyard to the battlefield. Put a +1/+1 counter on each of them.,{2}{W},Sorcery,uncommon,13700,0.516,EOE
Seam Rip,"When this enchantment enters, exile target nonland permanent an opponent controls with mana value 2 or less until this enchantment leaves the battlefield.",{W},Enchantment,uncommon,23099,0.542,EOE
The Seriema,"When The Seriema enters, search your library for a legendary creature card, reveal it, put it into your hand, then shuffle.
Station (Tap another creature you control: Put charge counters equal to its power on this Spacecraft. Station only as a sorcery. It's an artifact creature at 7+.)
7+ | Flying
Other tapped legendary creatures you control have indestructible.",{1}{W}{W},Legendary Artifact — Spacecraft,rare,15315,0.601,EOE
Squire's Lightblade,"Flash
When this Equipment enters, attach it to target creature you control. That creature gains first strike until end of turn.
Equipped creature gets +1/+0.
Equip {3}",{W},Artifact — Equipment,common,15181,0.536,EOE
Starfield Shepherd,"Flying
When this creature enters, search your library for a basic Plains card or a creature card with mana value 1 or less, reveal it, put it into your hand, then shuffle.
Warp {1}{W} (You may cast this card from your hand for its warp cost. Exile this creature at the beginning of the next end step, then you may cast it from exile on a later turn.)",{3}{W}{W},Creature — Angel,uncommon,59931,0.587,EOE
Starfighter Pilot,"Whenever this creature becomes tapped, surveil 1. (Look at the top card of your library. You may put it into your graveyard.)",{1}{W},Creature — Human Pilot,common,83958,0.541,EOE
Starport Security,"{3}{W}, {T}: Tap another target creature. This ability costs {2} less to activate if you control a creature with a +1/+1 counter on it.",{W},Artifact Creature — Robot Soldier,common,46157,0.537,EOE
Sunstar Chaplain,"At the beginning of your end step, if you control two or more tapped creatures, put a +1/+1 counter on target creature you control.
{2}, Remove a +1/+1 counter from a creature you control: Tap target artifact or creature.",{1}{W},Creature — Human Cleric,rare,24634,0.607,EOE
Sunstar Expansionist,"When this creature enters, if an opponent controls more lands than you, create a Lander token. (It's an artifact with ""{2}, {T}, Sacrifice this token: Search your library for a basic land card, put it onto the battlefield tapped, then shuffle."")
Landfall — Whenever a land you control enters, this creature gets +1/+0 until end of turn.",{1}{W},Creature — Human Knight,uncommon,56185,0.575,EOE
Sunstar Lightsmith,"Whenever you cast your second spell each turn, put a +1/+1 counter on this creature and draw a card.",{3}{W},Creature — Human Artificer,uncommon,55151,0.566,EOE
Wedgelight Rammer,"When this Spacecraft enters, create a 2/2 colorless Robot artifact creature token.
Station (Tap another creature you control: Put charge counters equal to its power on this Spacecraft. Station only as a sorcery. It's an artifact creature at 9+.)
9+ | Flying, first strike",{3}{W},Artifact — Spacecraft,uncommon,28293,0.547,EOE
Weftblade Enhancer,"When this creature enters, put a +1/+1 counter on each of up to two target creatures.
Warp {2}{W} (You may cast this card from your hand for its warp cost. Exile this creature at the beginning of the next end step, then you may cast it from exile on a later turn.)",{5}{W},Creature — Drix Artificer,common,62796,0.535,EOE
Zealous Display,"Creatures you control get +2/+0 until end of turn. If it's not your turn, untap those creatures.",{2}{W},Instant,common,11698,0.519,EOE
Annul,Counter target artifact or enchantment spell.,{U},Instant,uncommon,13275,0.51,EOE
Atomic Microsizer,"Equipped creature gets +1/+0.
Whenever equipped creature attacks, choose up to one target creature. That creature can't be blocked this turn and has base power and toughness 1/1 until end of turn.
Equip {2}",{U},Artifact — Equipment,uncommon,4666,0.491,EOE
Cerebral Download,"Surveil X, where X is the number of artifacts you control. Then draw three cards. (To surveil X, look at the top X cards of your library, then put any number of them into your graveyard and the rest on top of your library in any order.)",{4}{U},Instant,uncommon,47306,0.551,EOE
Cloudsculpt Technician,"Flying
As long as you control an artifact, this creature gets +1/+0.",{2}{U},Creature — Jellyfish Artificer,common,30648,0.516,EOE
Codecracker Hound,"When this creature enters, look at the top two cards of your library. Put one into your hand and the other into your graveyard.
Warp {2}{U} (You may cast this card from your hand for its warp cost. Exile this creature at the beginning of the next end step, then you may cast it from exile on a later turn.)",{2}{U},Creature — Dog,uncommon,92043,0.598,EOE
Consult the Star Charts,"Kicker {1}{U} (You may pay an additional {1}{U} as you cast this spell.)
Look at the top X cards of your library, where X is the number of lands you control. Put one of those cards into your hand. If this spell was kicked, put two of those cards into your hand instead. Put the rest on the bottom of your library in a random order.",{1}{U},Instant,rare,25143,0.56,EOE
Cryogen Relic,"When this artifact enters or leaves the battlefield, draw a card.
{1}{U}, Sacrifice this artifact: Put a stun counter on up to one target tapped creature. (If a permanent with a stun counter would become untapped, remove one from it instead.)",{1}{U},Artifact,common,203950,0.591,EOE
Cryoshatter,"Enchant creature
Enchanted creature gets -5/-0.
When enchanted creature becomes tapped or is dealt damage, destroy it.",{U},Enchantment — Aura,common,158307,0.561,EOE
Desculpting Blast,"Return target nonland permanent to its owner's hand. If it was attacking, create a 1/1 colorless Drone artifact creature token with flying and ""This token can block only creatures with flying.""",{1}{U},Instant,uncommon,68988,0.572,EOE
Divert Disaster,"Counter target spell unless its controller pays {2}. If they do, you create a Lander token. (It's an artifact with ""{2}, {T}, Sacrifice this token: Search your library for a basic land card, put it onto the battlefield tapped, then shuffle."")",{1}{U},Instant,common,83713,0.567,EOE
Emissary Escort,"This creature gets +X/+0, where X is the greatest mana value among other artifacts you control.",{1}{U},Artifact Creature — Robot Soldier,rare,22831,0.566,EOE
Gigastorm Titan,This spell costs {3} less to cast if you've cast another spell this turn.,{4}{U},Creature — Elemental,uncommon,71367,0.567,EOE
Illvoi Galeblade,"Flash
Flying
{2}, Sacrifice this creature: Draw a card.",{U},Creature — Jellyfish Warrior,common,74966,0.547,EOE
Illvoi Infiltrator,"This creature can't be blocked if you've cast two or more spells this turn.
Whenever this creature deals combat damage to a player, draw a card.",{2}{U},Creature — Jellyfish Rogue,uncommon,54858,0.545,EOE
Illvoi Light Jammer,"Flash
When this Equipment enters, attach it to target creature you control. That creature gains hexproof until end of turn. (It can't be the target of spells or abilities your opponents control.)
Equipped creature gets +1/+2.
Equip {3}",{1}{U},Artifact — Equipment,common,42474,0.551,EOE
Illvoi Operative,"Whenever you cast your second spell each turn, put a +1/+1 counter on this creature.",{1}{U},Creature — Jellyfish Rogue,common,75762,0.539,EOE
Lost in Space,Target artifact or creature's owner puts it on their choice of the top or bottom of their library. Surveil 1. (Look at the top card of your library. You may put it into your graveyard.),{3}{U},Instant,common,101224,0.563,EOE
Mechan Assembler,"Whenever another artifact you control enters, create a 2/2 colorless Robot artifact creature token. This ability triggers only once each turn.",{4}{U},Artifact Creature — Robot Artificer,uncommon,48411,0.536,EOE
Mechan Navigator,"Whenever this creature becomes tapped, draw a card, then discard a card.",{1}{U},Artifact Creature — Robot Pilot,uncommon,57272,0.552,EOE
Mechan Shieldmate,"Defender
As long as an artifact entered the battlefield under your control this turn, this creature can attack as though it didn't have defender.",{1}{U},Artifact Creature — Robot Soldier,common,55918,0.527,EOE
Mechanozoa,"When this creature enters, tap target artifact or creature an opponent controls and put a stun counter on it. (If a permanent with a stun counter would become untapped, remove one from it instead.)
Warp {2}{U} (You may cast this card from your hand for its warp cost. Exile this creature at the beginning of the next end step, then you may cast it from exile on a later turn.)",{4}{U}{U},Artifact Creature — Robot Jellyfish,common,108050,0.551,EOE
Mental Modulation,"This spell costs {1} less to cast during your turn.
Tap target artifact or creature.
Draw a card.",{1}{U},Instant,common,43974,0.534,EOE
"Mm'menon, the Right Hand","Flying
You may look at the top card of your library any time.
You may cast artifact spells from the top of your library.
Artifacts you control have ""{T}: Add {U}. Spend this mana only to cast a spell from anywhere other than your hand.""",{3}{U}{U},Legendary Creature — Jellyfish Advisor,rare,14486,0.504,EOE
Moonlit Meditation,"Enchant artifact or creature you control
The first time you would create one or more tokens each turn, you may instead create that many tokens that are copies of enchanted permanent.",{2}{U},Enchantment — Aura,rare,1891,0.399,EOE
Mouth of the Storm,"Flying
Ward {2} (Whenever this creature becomes the target of a spell or ability an opponent controls, counter it unless that player pays {2}.)
When this creature enters, creatures your opponents control get -3/-0 until your next turn.",{6}{U},Creature — Elemental,uncommon,80719,0.581,EOE
Nanoform Sentinel,"Whenever this creature becomes tapped, untap another target permanent. This ability triggers only once each turn.",{2}{U},Artifact Creature — Robot,common,59763,0.542,EOE
Quantum Riddler,"Flying
When this creature enters, draw a card.
As long as you have one or fewer cards in hand, if you would draw one or more cards, you draw that many cards plus one instead.
Warp {1}{U}",{3}{U}{U},Creature — Sphinx,mythic,15178,0.659,EOE
Scour for Scrap,"Choose one or both —
• Search your library for an artifact card, reveal it, put it into your hand, then shuffle.
• Return target artifact card from your graveyard to your hand.",{3}{U},Instant,uncommon,25530,0.546,EOE
Selfcraft Mechan,"When this creature enters, you may sacrifice an artifact. When you do, put a +1/+1 counter on target creature and draw a card.",{3}{U},Artifact Creature — Robot Artificer,common,152737,0.564,EOE
Sinister Cryologist,"When this creature enters, target creature an opponent controls gets -3/-0 until end of turn.
Warp {U} (You may cast this card from your hand for its warp cost. Exile this creature at the beginning of the next end step, then you may cast it from exile on a later turn.)",{2}{U},Creature — Jellyfish Wizard,common,6241,0.479,EOE
Specimen Freighter,"When this Spacecraft enters, return up to two target non-Spacecraft creatures to their owners' hands.
Station (Tap another creature you control: Put charge counters equal to its power on this Spacecraft. Station only as a sorcery. It's an artifact creature at 9+.)
9+ | Flying
Whenever this Spacecraft attacks, defending player mills four cards.",{5}{U},Artifact — Spacecraft,uncommon,52293,0.559,EOE
Starbreach Whale,"Flying
When this creature enters, surveil 2. (Look at the top two cards of your library, then put any number of them into your graveyard and the rest on top of your library in any order.)
Warp {1}{U} (You may cast this card from your hand for its warp cost. Exile this creature at the beginning of the next end step, then you may cast it from exile on a later turn.)",{4}{U},Creature — Whale,common,72185,0.532,EOE
Starfield Vocalist,"If a permanent entering the battlefield causes a triggered ability of a permanent you control to trigger, that ability triggers an additional time.
Warp {1}{U} (You may cast this card from your hand for its warp cost. Exile this creature at the beginning of the next end step, then you may cast it from exile on a later turn.)",{3}{U},Creature — Human Bard,rare,22569,0.538,EOE
Starwinder,"Whenever a creature you control deals combat damage to a player, you may draw that many cards.
Warp {2}{U}{U} (You may cast this card from your hand for its warp cost. Exile this creature at the beginning of the next end step, then you may cast it from exile on a later turn.)",{5}{U}{U},Creature — Leviathan,rare,23225,0.566,EOE
Steelswarm Operator,"Flying
{T}: Add {U}. Spend this mana only to cast an artifact spell.
{T}: Add {U}{U}. Spend this mana only to activate abilities of artifact sources.",{1}{U},Artifact Creature — Robot Soldier,uncommon,34599,0.524,EOE
Synthesizer Labship,"Station (Tap another creature you control: Put charge counters equal to its power on this Spacecraft. Station only as a sorcery. It's an artifact creature at 9+.)
2+ | At the beginning of combat on your turn, up to one other target artifact you control becomes an artifact creature with base power and toughness 2/2 and gains flying until end of turn.
9+ | Flying, vigilance",{U},Artifact — Spacecraft,rare,27917,0.596,EOE
Tractor Beam,"Enchant creature or Spacecraft
When this Aura enters, tap enchanted permanent.
You control enchanted permanent.
Enchanted permanent doesn't untap during its controller's untap step.",{2}{U}{U},Enchantment — Aura,uncommon,78404,0.582,EOE
Unravel,"Counter target spell. If the amount of mana spent to cast that spell was less than its mana value, you draw a card.",{1}{U}{U},Instant,uncommon,29908,0.554,EOE
Uthros Psionicist,The second spell you cast each turn costs {2} less to cast.,{2}{U},Creature — Jellyfish Scientist,uncommon,70630,0.574,EOE
Uthros Scanship,"When this Spacecraft enters, draw two cards, then discard a card.
Station (Tap another creature you control: Put charge counters equal to its power on this Spacecraft. Station only as a sorcery. It's an artifact creature at 8+.)
8+ | Flying",{3}{U},Artifact — Spacecraft,uncommon,56091,0.57,EOE
Weftwalking,"When this enchantment enters, if you cast it, shuffle your hand and graveyard into your library, then draw seven cards.
The first spell each player casts during each of their turns may be cast without paying its mana cost.",{4}{U}{U},Enchantment,mythic,14986,0.586,EOE
"Alpharael, Stonechosen","Ward—Discard a card at random.
Void — Whenever Alpharael attacks, if a nonland permanent left the battlefield this turn or a spell was warped this turn, defending player loses half their life, rounded up.",{3}{B}{B},Legendary Creature — Human Cleric,mythic,3594,0.504,EOE
Archenemy's Charm,"Choose one —
• Exile target creature or planeswalker.
• Return one or two target creature and/or planeswalker cards from your graveyard to your hand.
• Put two +1/+1 counters on target creature you control. It gains lifelink until end of turn.",{B}{B}{B},Instant,rare,17941,0.569,EOE
Beamsaw Prospector,"When this creature dies, create a Lander token. (It's an artifact with ""{2}, {T}, Sacrifice this token: Search your library for a basic land card, put it onto the battlefield tapped, then shuffle."")",{1}{B},Creature — Human Artificer,common,128312,0.549,EOE
Blade of the Swarm,"When this creature enters, choose one —
• Put two +1/+1 counters on this creature.
• Put target exiled card with warp on the bottom of its owner's library.",{3}{B},Creature — Insect Assassin,uncommon,8061,0.521,EOE
Chorale of the Void,"Enchant creature you control
Whenever enchanted creature attacks, put target creature card from defending player's graveyard onto the battlefield under your control tapped and attacking.
Void — At the beginning of your end step, sacrifice this Aura unless a nonland permanent left the battlefield this turn or a spell was warped this turn.",{3}{B},Enchantment — Aura,rare,9508,0.478,EOE
Comet Crawler,"Lifelink
Whenever this creature attacks, you may sacrifice another creature or artifact. If you do, this creature gets +2/+0 until end of turn.",{2}{B},Creature — Insect Horror,common,45559,0.538,EOE
Dark Endurance,"This spell costs {1} less to cast if it targets a blocking creature.
Target creature gets +2/+0 and gains indestructible until end of turn. (Damage and effects that say ""destroy"" don't destroy it.)",{1}{B},Instant,common,6991,0.519,EOE
Decode Transmissions,"You draw two cards and lose 2 life.
Void — If a nonland permanent left the battlefield this turn or a spell was warped this turn, instead you draw two cards and each opponent loses 2 life.",{2}{B},Sorcery,common,51679,0.528,EOE
Depressurize,"Target creature gets -3/-0 until end of turn. Then if that creature's power is 0 or less, destroy it.",{1}{B},Instant,common,149561,0.565,EOE
Dubious Delicacy,"Flash
When this artifact enters, up to one target creature gets -3/-3 until end of turn.
{2}, {T}, Sacrifice this artifact: You gain 3 life.
{2}, {T}, Sacrifice this artifact: Target opponent loses 3 life.",{2}{B},Artifact — Food,uncommon,75614,0.606,EOE
Elegy Acolyte,"Lifelink
Whenever one or more creatures you control deal combat damage to a player, you draw a card and lose 1 life.
Void — At the beginning of your end step, if a nonland permanent left the battlefield this turn or a spell was warped this turn, create a 2/2 colorless Robot artifact creature token.",{2}{B}{B},Creature — Human Cleric,rare,28148,0.647,EOE
Embrace Oblivion,"As an additional cost to cast this spell, sacrifice an artifact or creature.
Destroy target creature or Spacecraft.",{B},Sorcery,common,117095,0.559,EOE
Entropic Battlecruiser,"Station (Tap another creature you control: Put charge counters equal to its power on this Spacecraft. Station only as a sorcery. It's an artifact creature at 8+.)
1+ | Whenever an opponent discards a card, they lose 3 life.
8+ | Flying, deathtouch
Whenever this Spacecraft attacks, each opponent discards a card. Each opponent who can't loses 3 life.",{3}{B},Artifact — Spacecraft,rare,11274,0.525,EOE
Faller's Faithful,"When this creature enters, destroy up to one other target creature. If that creature wasn't dealt damage this turn, its controller draws two cards.",{2}{B},Creature — Human Wizard,uncommon,66314,0.58,EOE
Fell Gravship,"When this Spacecraft enters, mill three cards, then return a creature or Spacecraft card from your graveyard to your hand.
Station (Tap another creature you control: Put charge counters equal to its power on this Spacecraft. Station only as a sorcery. It's an artifact creature at 8+.)
8+ | Flying, lifelink",{2}{B},Artifact — Spacecraft,uncommon,72978,0.603,EOE
Gravblade Heavy,"As long as you control an artifact, this creature gets +1/+0 and has deathtouch.",{3}{B},Creature — Human Soldier,common,14904,0.508,EOE
Gravkill,Exile target creature or Spacecraft.,{3}{B},Instant,common,143126,0.561,EOE
Gravpack Monoist,"Flying
When this creature dies, create a tapped 2/2 colorless Robot artifact creature token.",{2}{B},Creature — Human Scout,common,147343,0.57,EOE
Hullcarver,Deathtouch,{B},Artifact Creature — Robot Assassin,common,103450,0.556,EOE
Hylderblade,"Equipped creature gets +3/+1.
Void — At the beginning of your end step, if a nonland permanent left the battlefield this turn or a spell was warped this turn, attach this Equipment to target creature you control.
Equip {4} ({4}: Attach to target creature you control. Equip only as a sorcery.)",{B},Artifact — Equipment,uncommon,30275,0.545,EOE
Hymn of the Faller,"Surveil 1, then you draw a card and lose 1 life. (To surveil 1, look at the top card of your library. You may put it into your graveyard.)
Void — If a nonland permanent left the battlefield this turn or a spell was warped this turn, draw another card.",{1}{B},Sorcery,uncommon,35531,0.516,EOE
Insatiable Skittermaw,"Menace (This creature can't be blocked except by two or more creatures.)
Void — At the beginning of your end step, if a nonland permanent left the battlefield this turn or a spell was warped this turn, put a +1/+1 counter on this creature.",{2}{B},Creature — Insect Horror,common,34944,0.517,EOE
Lightless Evangel,"Whenever you sacrifice another creature or artifact, put a +1/+1 counter on this creature.",{1}{B},Creature — Vampire Cleric,uncommon,38760,0.536,EOE
Monoist Circuit-Feeder,"Flying
When this creature enters, until end of turn, target creature you control gets +X/+0 and target creature an opponent controls gets -0/-X, where X is the number of artifacts you control.",{4}{B}{B},Artifact Creature — Nautilus,uncommon,69736,0.588,EOE
Monoist Sentry,Defender,{B},Artifact Creature — Robot,uncommon,23620,0.529,EOE
Perigee Beckoner,"When this creature enters, until end of turn, another target creature you control gets +2/+0 and gains ""When this creature dies, return it to the battlefield tapped under its owner's control.""
Warp {1}{B} (You may cast this card from your hand for its warp cost. Exile this creature at the beginning of the next end step, then you may cast it from exile on a later turn.)",{4}{B},Creature — Horror,common,120431,0.566,EOE
Requiem Monolith,"{T}: Until end of turn, target creature gains ""Whenever this creature is dealt damage, you draw that many cards and lose that much life."" That creature's controller may have this artifact deal 1 damage to it. Activate only as a sorcery.",{2}{B},Artifact,rare,22208,0.553,EOE
Scrounge for Eternity,"As an additional cost to cast this spell, sacrifice an artifact or creature.
Return target creature or Spacecraft card with mana value 5 or less from your graveyard to the battlefield. Then create a Lander token. (It's an artifact with ""{2}, {T}, Sacrifice this token: Search your library for a basic land card, put it onto the battlefield tapped, then shuffle."")",{2}{B},Sorcery,uncommon,14891,0.491,EOE
"Sothera, the Supervoid","Whenever a creature you control dies, each opponent chooses a creature they control and exiles it.
At the beginning of your end step, if a player controls no creatures, sacrifice Sothera, then put a creature card exiled with it onto the battlefield under your control with two additional +1/+1 counters on it.",{2}{B}{B},Legendary Enchantment,mythic,8129,0.526,EOE
Sunset Saboteur,"Menace
Ward—Discard a card.
Whenever this creature attacks, put a +1/+1 counter on target creature an opponent controls.",{1}{B},Creature — Human Rogue,rare,28528,0.616,EOE
Susurian Dirgecraft,"When this Spacecraft enters, each opponent sacrifices a nontoken creature of their choice.
Station (Tap another creature you control: Put charge counters equal to its power on this Spacecraft. Station only as a sorcery. It's an artifact creature at 7+.)
7+ | Flying",{4}{B},Artifact — Spacecraft,uncommon,31869,0.541,EOE
Susurian Voidborn,"Whenever this creature or another creature or artifact you control dies, target opponent loses 1 life and you gain 1 life.
Warp {B} (You may cast this card from your hand for its warp cost. Exile this creature at the beginning of the next end step, then you may cast it from exile on a later turn.)",{2}{B},Creature — Vampire Soldier,uncommon,42633,0.551,EOE
Swarm Culler,"Flying
Whenever this creature becomes tapped, you may sacrifice another creature or artifact. If you do, draw a card.",{3}{B},Creature — Insect Warrior,common,64975,0.524,EOE
Temporal Intervention,"Void — This spell costs {2} less to cast if a nonland permanent left the battlefield this turn or a spell was warped this turn.
Target opponent reveals their hand. You choose a nonland card from it. That player discards that card.",{2}{B},Sorcery,common,6469,0.507,EOE
Timeline Culler,"Haste
You may cast this card from your graveyard using its warp ability.
Warp—{B}, Pay 2 life. (You may cast this card from your hand or graveyard for its warp cost. If you do, exile this creature at the beginning of the next end step, then you may cast it from exile on a later turn.)",{B}{B},Creature — Drix Warlock,uncommon,42800,0.566,EOE
Tragic Trajectory,"Target creature gets -2/-2 until end of turn.
Void — That creature gets -10/-10 until end of turn instead if a nonland permanent left the battlefield this turn or a spell was warped this turn.",{B},Sorcery,uncommon,62660,0.574,EOE
Umbral Collar Zealot,Sacrifice another creature or artifact: Surveil 1. (Look at the top card of your library. You may put it into your graveyard.),{1}{B},Creature — Human Cleric,uncommon,63715,0.574,EOE
Virus Beetle,"When this creature enters, each opponent discards a card.",{1}{B},Artifact Creature — Insect,common,170722,0.571,EOE
Voidforged Titan,"Void — At the beginning of your end step, if a nonland permanent left the battlefield this turn or a spell was warped this turn, you draw a card and lose 1 life.",{4}{B},Artifact Creature — Robot Warrior,uncommon,42635,0.527,EOE
Vote Out,"Convoke (Your creatures can help cast this spell. Each creature you tap while casting this spell pays for {1} or one mana of that creature's color.)
Destroy target creature.",{3}{B},Sorcery,uncommon,53935,0.557,EOE
"Xu-Ifit, Osteoharmonist",{T}: Return target creature card from your graveyard to the battlefield. It's a Skeleton in addition to its other types and has no abilities. Activate only as a sorcery.,{1}{B}{B},Legendary Creature — Human Wizard,rare,18062,0.546,EOE
Zero Point Ballad,"Destroy all creatures with toughness X or less. You lose X life. If X is 6 or more, return a creature card put into a graveyard this way to the battlefield under your control.",{X}{B},Sorcery,rare,24995,0.578,EOE
Bombard,Bombard deals 4 damage to target creature.,{2}{R},Instant,common,98482,0.542,EOE
Cut Propulsion,"Target creature deals damage to itself equal to its power. If that creature has flying, it deals twice that much damage to itself instead.",{2}{R},Instant,uncommon,52061,0.558,EOE
Debris Field Crusher,"When this Spacecraft enters, it deals 3 damage to any target.
Station (Tap another creature you control: Put charge counters equal to its power on this Spacecraft. Station only as a sorcery. It's an artifact creature at 8+.)
8+ | Flying
{1}{R}: This Spacecraft gets +2/+0 until end of turn.",{4}{R},Artifact — Spacecraft,uncommon,22221,0.527,EOE
Devastating Onslaught,Create X tokens that are copies of target artifact or creature you control. Those tokens gain haste until end of turn. Sacrifice them at the beginning of the next end step.,{X}{X}{R},Sorcery,mythic,8878,0.576,EOE
Drill Too Deep,"Choose one —
• Put five charge counters on target Spacecraft or Planet you control.
• Destroy target artifact.",{1}{R},Instant,common,4999,0.488,EOE
Frontline War-Rager,"At the beginning of your end step, if you control two or more tapped creatures, put a +1/+1 counter on this creature.",{2}{R},Creature — Kavu Soldier,common,17711,0.498,EOE
Full Bore,"Target creature you control gets +3/+2 until end of turn. If that creature was cast for its warp cost, it also gains trample and haste until end of turn.",{R},Instant,uncommon,7818,0.512,EOE
Galvanizing Sawship,"Station (Tap another creature you control: Put charge counters equal to its power on this Spacecraft. Station only as a sorcery. It's an artifact creature at 3+.)
3+ | Flying, haste",{5}{R},Artifact — Spacecraft,uncommon,21218,0.501,EOE
Invasive Maneuvers,Invasive Maneuvers deals 3 damage to target creature. It deals 5 damage instead if you control a Spacecraft.,{1}{R},Instant,uncommon,47562,0.556,EOE
Kav Landseeker,"Menace (This creature can't be blocked except by two or more creatures.)
When this creature enters, create a Lander token. At the beginning of the end step on your next turn, sacrifice that token. (It's an artifact with ""{2}, {T}, Sacrifice this token: Search your library for a basic land card, put it onto the battlefield tapped, then shuffle."")",{3}{R},Creature — Kavu Soldier,common,124967,0.564,EOE
Kavaron Harrier,"Whenever this creature attacks, you may pay {2}. If you do, create a 2/2 colorless Robot artifact creature token that's tapped and attacking. Sacrifice that token at end of combat.",{R},Artifact Creature — Robot Soldier,uncommon,40314,0.562,EOE
Kavaron Skywarden,"Reach
Void — At the beginning of your end step, if a nonland permanent left the battlefield this turn or a spell was warped this turn, put a +1/+1 counter on this creature.",{4}{R},Creature — Kavu Soldier,common,22401,0.518,EOE
Kavaron Turbodrone,{T}: Target creature you control gets +1/+1 and gains haste until end of turn. Activate only as a sorcery.,{2}{R},Artifact Creature — Robot Scout,common,41408,0.517,EOE
Lithobraking,"Create a Lander token. Then you may sacrifice an artifact. When you do, Lithobraking deals 2 damage to each creature. (A Lander token is an artifact with ""{2}, {T}, Sacrifice this token: Search your library for a basic land card, put it onto the battlefield tapped, then shuffle."")",{2}{R},Instant,uncommon,11911,0.516,EOE
Melded Moxite,"When this artifact enters, you may discard a card. If you do, draw two cards.
{3}, Sacrifice this artifact: Create a tapped 2/2 colorless Robot artifact creature token.",{1}{R},Artifact,common,90274,0.56,EOE
Memorial Team Leader,"During your turn, other creatures you control get +1/+0.
Warp {1}{R} (You may cast this card from your hand for its warp cost. Exile this creature at the beginning of the next end step, then you may cast it from exile on a later turn.)",{3}{R},Creature — Kavu Soldier,uncommon,22303,0.535,EOE
Memorial Vault,"{T}, Sacrifice another artifact: Exile the top X cards of your library, where X is one plus the mana value of the sacrificed artifact. You may play those cards this turn.",{3}{R},Artifact,rare,3996,0.507,EOE
Molecular Modifier,"At the beginning of combat on your turn, target creature you control gets +1/+0 and gains first strike until end of turn.",{2}{R},Creature — Kavu Artificer,uncommon,34322,0.544,EOE
Nebula Dragon,"Flying
When this creature enters, it deals 3 damage to any target.",{6}{R},Creature — Dragon,common,77142,0.562,EOE
Nova Hellkite,"Flying, haste
When this creature enters, it deals 1 damage to target creature an opponent controls.
Warp {2}{R} (You may cast this card from your hand for its warp cost. Exile this creature at the beginning of the next end step, then you may cast it from exile on a later turn.)",{3}{R}{R},Creature — Dragon,rare,24575,0.622,EOE
Orbital Plunge,"Orbital Plunge deals 6 damage to target creature. If excess damage was dealt this way, create a Lander token. (It's an artifact with ""{2}, {T}, Sacrifice this token: Search your library for a basic land card, put it onto the battlefield tapped, then shuffle."")",{3}{R},Sorcery,common,155336,0.572,EOE
Oreplate Pangolin,"Whenever another artifact you control enters, you may pay {1}. If you do, put a +1/+1 counter on this creature.",{1}{R},Artifact Creature — Robot Pangolin,common,100655,0.539,EOE
Pain for All,"Enchant creature you control
When this Aura enters, enchanted creature deals damage equal to its power to any other target.
Whenever enchanted creature is dealt damage, it deals that much damage to each opponent.",{2}{R},Enchantment — Aura,rare,16388,0.545,EOE
Plasma Bolt,"Plasma Bolt deals 2 damage to any target.
Void — Plasma Bolt deals 3 damage instead if a nonland permanent left the battlefield this turn or a spell was warped this turn.",{R},Sorcery,common,109242,0.557,EOE
Possibility Technician,"Whenever this creature or another Kavu you control enters, exile the top card of your library. For as long as that card remains exiled, you may play it if you control a Kavu.
Warp {1}{R} (You may cast this card from your hand for its warp cost. Exile this creature at the beginning of the next end step, then you may cast it from exile on a later turn.)",{2}{R},Creature — Kavu Artificer,rare,27069,0.608,EOE
Red Tiger Mechan,"Haste
Warp {1}{R} (You may cast this card from your hand for its warp cost. Exile this creature at the beginning of the next end step, then you may cast it from exile on a later turn.)",{3}{R},Artifact Creature — Robot Cat,common,21654,0.494,EOE
Remnant Elemental,"Reach
Landfall — Whenever a land you control enters, this creature gets +2/+0 until end of turn.",{1}{R},Creature — Elemental,uncommon,15011,0.52,EOE
Rig for War,Target creature gets +3/+0 and gains reach and first strike until end of turn.,{1}{R},Instant,common,7123,0.509,EOE
Roving Actuator,"Void — When this creature enters, if a nonland permanent left the battlefield this turn or a spell was warped this turn, exile up to one target instant or sorcery card with mana value 2 or less from your graveyard. Copy it. You may cast the copy without paying its mana cost.",{3}{R},Artifact Creature — Robot,uncommon,13374,0.523,EOE
Ruinous Rampage,"Choose one —
• Ruinous Rampage deals 3 damage to each opponent.
• Exile all artifacts with mana value 3 or less.",{1}{R}{R},Sorcery,uncommon,795,0.426,EOE
Rust Harvester,"Menace
{2}, {T}, Exile an artifact card from your graveyard: Put a +1/+1 counter on this creature, then it deals damage equal to its power to any target.",{R},Artifact Creature — Robot,rare,21234,0.582,EOE
Slagdrill Scrapper,"{2}, {T}, Sacrifice another artifact or land: Draw a card.",{R},Artifact Creature — Robot Scout,common,61590,0.542,EOE
Systems Override,"Gain control of target artifact or creature until end of turn. Untap that permanent. It gains haste until end of turn. If it's a Spacecraft, put ten charge counters on it. If you do, remove ten charge counters from it at the beginning of the next end step.",{2}{R},Sorcery,uncommon,18265,0.56,EOE
"Tannuk, Steadfast Second","Other creatures you control have haste.
Artifact cards and red creature cards in your hand have warp {2}{R}. (You may cast a card from your hand for its warp cost. Exile that permanent at the beginning of the next end step, then you may cast it from exile on a later turn.)",{2}{R}{R},Legendary Creature — Kavu Pilot,mythic,7435,0.544,EOE
Terminal Velocity,"You may put an artifact or creature card from your hand onto the battlefield. That permanent gains haste, ""When this permanent leaves the battlefield, it deals damage equal to its mana value to each creature,"" and ""At the beginning of your end step, sacrifice this permanent.""",{4}{R}{R},Sorcery,rare,2014,0.458,EOE
Terrapact Intimidator,"When this creature enters, target opponent may have you create two Lander tokens. If they don't, put two +1/+1 counters on this creature. (A Lander token is an artifact with ""{2}, {T}, Sacrifice this token: Search your library for a basic land card, put it onto the battlefield tapped, then shuffle."")",{1}{R},Creature — Kavu Scout,uncommon,65489,0.597,EOE
Territorial Bruntar,"Reach
Landfall — Whenever a land you control enters, exile cards from the top of your library until you exile a nonland card. You may cast that card this turn.",{4}{R}{R},Creature — Beast,uncommon,42392,0.558,EOE
Vaultguard Trooper,"At the beginning of your end step, if you control two or more tapped creatures, you may discard your hand. If you do, draw two cards.",{4}{R},Creature — Kavu Soldier,uncommon,28165,0.539,EOE
Warmaker Gunship,"When this Spacecraft enters, it deals damage equal to the number of artifacts you control to target creature an opponent controls.
Station (Tap another creature you control: Put charge counters equal to its power on this Spacecraft. Station only as a sorcery. It's an artifact creature at 6+.)
6+ | Flying",{2}{R},Artifact — Spacecraft,rare,25606,0.616,EOE
Weapons Manufacturing,"Whenever a nontoken artifact you control enters, create a colorless artifact token named Munitions with ""When this token leaves the battlefield, it deals 2 damage to any target.""",{1}{R},Enchantment,rare,6573,0.486,EOE
Weftstalker Ardent,"Whenever another creature or artifact you control enters, this creature deals 1 damage to each opponent.
Warp {R} (You may cast this card from your hand for its warp cost. Exile this creature at the beginning of the next end step, then you may cast it from exile on a later turn.)",{2}{R},Creature — Drix Artificer,uncommon,28151,0.534,EOE
Zookeeper Mechan,"{T}: Add {R}.
{6}{R}: Target creature you control gets +4/+0 until end of turn. Activate only as a sorcery.",{1}{R},Artifact Creature — Robot,common,140267,0.561,EOE
Atmospheric Greenhouse,"When this Spacecraft enters, put a +1/+1 counter on each creature you control.
Station (Tap another creature you control: Put charge counters equal to its power on this Spacecraft. Station only as a sorcery. It's an artifact creature at 8+.)
8+ | Flying, trample",{4}{G},Artifact — Spacecraft,uncommon,25144,0.505,EOE
Bioengineered Future,"When this enchantment enters, create a Lander token. (It's an artifact with ""{2}, {T}, Sacrifice this token: Search your library for a basic land card, put it onto the battlefield tapped, then shuffle."")
Each creature you control enters with an additional +1/+1 counter on it for each land that entered the battlefield under your control this turn.",{1}{G}{G},Enchantment,rare,4821,0.439,EOE
Biosynthic Burst,"Put a +1/+1 counter on target creature you control. It gains reach, trample, and indestructible until end of turn. Untap it. (Damage and effects that say ""destroy"" don't destroy it.)",{1}{G},Instant,common,104286,0.568,EOE
Blooming Stinger,"Deathtouch
When this creature enters, another target creature you control gains deathtouch until end of turn.",{1}{G},Creature — Plant Scorpion,common,119673,0.555,EOE
Broodguard Elite,"This creature enters with X +1/+1 counters on it.
When this creature leaves the battlefield, put its counters on target creature you control.
Warp {X}{G} (You may cast this card from your hand for its warp cost. Exile this creature at the beginning of the next end step, then you may cast it from exile on a later turn.)",{X}{G}{G},Creature — Insect Knight,uncommon,31407,0.527,EOE
Close Encounter,"As an additional cost to cast this spell, choose a creature you control or a warped creature card you own in exile.
Close Encounter deals damage equal to the power of the chosen creature or card to target creature.",{1}{G},Instant,uncommon,58960,0.564,EOE
Diplomatic Relations,Target creature you control gets +1/+0 and gains vigilance until end of turn. It deals damage equal to its power to target creature an opponent controls.,{2}{G},Instant,common,147165,0.566,EOE
Drix Fatemaker,"When this creature enters, put a +1/+1 counter on target creature.
Each creature you control with a +1/+1 counter on it has trample.
Warp {1}{G} (You may cast this card from your hand for its warp cost. Exile this creature at the beginning of the next end step, then you may cast it from exile on a later turn.)",{3}{G},Creature — Drix Wizard,common,78879,0.536,EOE
Edge Rover,"Reach
When this creature dies, each player creates a Lander token. (It's an artifact with ""{2}, {T}, Sacrifice this token: Search your library for a basic land card, put it onto the battlefield tapped, then shuffle."")",{G},Artifact Creature — Robot Scout,uncommon,65228,0.574,EOE
Eumidian Terrabotanist,"Landfall — Whenever a land you control enters, you gain 1 life.",{1}{G},Creature — Insect Druid,uncommon,59170,0.564,EOE
Eusocial Engineering,"Landfall — Whenever a land you control enters, create a 2/2 colorless Robot artifact creature token.
Warp {1}{G} (You may cast this card from your hand for its warp cost. Exile this enchantment at the beginning of the next end step, then you may cast it from exile on a later turn.)",{3}{G}{G},Enchantment,uncommon,54690,0.567,EOE
Famished Worldsire,"Ward {3}
Devour land 3 (As this creature enters, you may sacrifice any number of lands. It enters with three times that many +1/+1 counters on it.)
When this creature enters, look at the top X cards of your library, where X is this creature's power. Put any number of land cards from among them onto the battlefield tapped, then shuffle.",{5}{G}{G}{G},Creature — Leviathan,mythic,8201,0.543,EOE
Frenzied Baloth,"This spell can't be countered.
Trample, haste
Creature spells you control can't be countered.
Combat damage can't be prevented.",{G}{G},Creature — Beast,rare,14195,0.563,EOE
Fungal Colossus,"This spell costs {X} less to cast, where X is the number of differently named lands you control.",{6}{G},Creature — Fungus Beast,common,69176,0.554,EOE
Galactic Wayfarer,"When this creature enters, create a Lander token. (It's an artifact with ""{2}, {T}, Sacrifice this token: Search your library for a basic land card, put it onto the battlefield tapped, then shuffle."")",{2}{G},Creature — Human Scout,common,184069,0.582,EOE
Gene Pollinator,"{T}, Tap an untapped permanent you control: Add one mana of any color.",{G},Artifact Creature — Robot Insect,common,162775,0.572,EOE
Germinating Wurm,"When this creature enters, you gain 2 life.
Warp {1}{G} (You may cast this card from your hand for its warp cost. Exile this creature at the beginning of the next end step, then you may cast it from exile on a later turn.)",{4}{G},Creature — Plant Wurm,common,111522,0.557,EOE
Glacier Godmaw,"Trample
When this creature enters, create a Lander token. (It's an artifact with ""{2}, {T}, Sacrifice this token: Search your library for a basic land card, put it onto the battlefield tapped, then shuffle."")
Landfall — Whenever a land you control enters, creatures you control get +1/+1 and gain vigilance and haste until end of turn.",{5}{G}{G},Creature — Leviathan,uncommon,69965,0.594,EOE
Harmonious Grovestrider,"Ward {2} (Whenever this creature becomes the target of a spell or ability an opponent controls, counter it unless that player pays {2}.)
Harmonious Grovestrider's power and toughness are each equal to the number of lands you control.",{3}{G}{G},Creature — Beast,uncommon,65412,0.583,EOE
Hemosymbic Mite,"Whenever this creature becomes tapped, another target creature you control gets +X/+X until end of turn, where X is this creature's power.",{G},Creature — Mite,uncommon,17707,0.536,EOE
Icecave Crasher,"Trample
Landfall — Whenever a land you control enters, this creature gets +1/+0 until end of turn.",{3}{G},Creature — Beast,common,108462,0.555,EOE
Icetill Explorer,"You may play an additional land on each of your turns.
You may play lands from your graveyard.
Landfall — Whenever a land you control enters, mill a card.",{2}{G}{G},Creature — Insect Scout,rare,12474,0.518,EOE
Intrepid Tenderfoot,{3}: Put a +1/+1 counter on this creature. Activate only as a sorcery.,{1}{G},Creature — Insect Citizen,common,94831,0.542,EOE
Larval Scoutlander,"When this Spacecraft enters, you may sacrifice a land or Lander. If you do, search your library for up to two basic land cards, put them onto the battlefield tapped, then shuffle.
Station (Tap another creature you control: Put charge counters equal to its power on this Spacecraft. Station only as a sorcery. It's an artifact creature at 7+.)
7+ | Flying",{2}{G},Artifact — Spacecraft,uncommon,67860,0.592,EOE
Lashwhip Predator,"This spell costs {2} less to cast if your opponents control three or more creatures.
Reach",{4}{G}{G},Creature — Plant Beast,uncommon,40125,0.546,EOE
Loading Zone,"If one or more counters would be put on a creature, Spacecraft, or Planet you control, twice that many of each of those kinds of counters are put on it instead.
Warp {G} (You may cast this card from your hand for its warp cost. Exile this enchantment at the beginning of the next end step, then you may cast it from exile on a later turn.)",{3}{G},Enchantment,rare,2527,0.412,EOE
Meltstrider Eulogist,"Whenever a creature you control with a +1/+1 counter on it dies, draw a card.",{2}{G},Creature — Insect Soldier,uncommon,28729,0.529,EOE
Meltstrider's Gear,"When this Equipment enters, attach it to target creature you control.
Equipped creature gets +2/+1 and has reach.
Equip {5} ({5}: Attach to target creature you control. Equip only as a sorcery.)",{G},Artifact — Equipment,common,3167,0.479,EOE
Meltstrider's Resolve,"Enchant creature you control
When this Aura enters, enchanted creature fights up to one target creature an opponent controls. (Each deals damage equal to its power to the other.)
Enchanted creature gets +0/+2 and can't be blocked by more than one creature.",{G},Enchantment — Aura,uncommon,65976,0.587,EOE
Mightform Harmonizer,"Landfall — Whenever a land you control enters, double the power of target creature you control until end of turn.
Warp {2}{G} (You may cast this card from your hand for its warp cost. Exile this creature at the beginning of the next end step, then you may cast it from exile on a later turn.)",{2}{G}{G},Creature — Insect Druid,rare,22966,0.586,EOE
Ouroboroid,"At the beginning of combat on your turn, put X +1/+1 counters on each creature you control, where X is this creature's power.",{2}{G}{G},Creature — Plant Wurm,mythic,13063,0.661,EOE
Pull Through the Weft,"Return up to two target nonland permanent cards from your graveyard to your hand, then return up to two target land cards from your graveyard to the battlefield tapped.",{3}{G}{G},Sorcery,uncommon,7290,0.5,EOE
Sami's Curiosity,"You gain 2 life. Create a Lander token. (It's an artifact with ""{2}, {T}, Sacrifice this token: Search your library for a basic land card, put it onto the battlefield tapped, then shuffle."")",{G},Sorcery,common,99218,0.538,EOE
Seedship Agrarian,"Whenever this creature becomes tapped, create a Lander token. (It's an artifact with ""{2}, {T}, Sacrifice this token: Search your library for a basic land card, put it onto the battlefield tapped, then shuffle."")
Landfall — Whenever a land you control enters, put a +1/+1 counter on this creature.",{3}{G},Creature — Insect Scientist,uncommon,58621,0.564,EOE
Seedship Impact,"Destroy target artifact or enchantment. If its mana value was 2 or less, create a Lander token. (It's an artifact with ""{2}, {T}, Sacrifice this token: Search your library for a basic land card, put it onto the battlefield tapped, then shuffle."")",{1}{G},Instant,uncommon,59157,0.581,EOE
Shattered Wings,"Destroy target artifact, enchantment, or creature with flying. Surveil 1. (Look at the top card of your library. You may put it into your graveyard.)",{2}{G},Sorcery,common,27687,0.515,EOE
Skystinger,"Reach
Whenever this creature blocks a creature with flying, this creature gets +5/+0 until end of turn.",{2}{G},Creature — Insect Warrior,common,33654,0.528,EOE
Sledge-Class Seedship,"Station (Tap another creature you control: Put charge counters equal to its power on this Spacecraft. Station only as a sorcery. It's an artifact creature at 7+.)
7+ | Flying
Whenever this Spacecraft attacks, you may put a creature card from your hand onto the battlefield.",{2}{G},Artifact — Spacecraft,rare,16803,0.57,EOE
Tapestry Warden,"Vigilance
Each creature you control with toughness greater than its power assigns combat damage equal to its toughness rather than its power.
Each creature you control with toughness greater than its power stations permanents using its toughness rather than its power.",{3}{G},Artifact Creature — Robot Soldier,uncommon,23568,0.536,EOE
Terrasymbiosis,"Whenever you put one or more +1/+1 counters on a creature you control, you may draw that many cards. Do this only once each turn.",{2}{G},Enchantment,rare,6008,0.481,EOE
Thawbringer,"When this creature enters or dies, surveil 1. (Look at the top card of your library. You may put it into your graveyard.)",{2}{G},Creature — Insect Scout,common,109714,0.556,EOE
"Alpharael, Dreaming Acolyte","When Alpharael enters, draw two cards. Then discard two cards unless you discard an artifact card.
During your turn, Alpharael has deathtouch.",{1}{U}{B},Legendary Creature — Human Cleric,uncommon,46371,0.587,EOE
Biomechan Engineer,"When this creature enters, create a Lander token. (It's an artifact with ""{2}, {T}, Sacrifice this token: Search your library for a basic land card, put it onto the battlefield tapped, then shuffle."")
{8}: Draw two cards and create a 2/2 colorless Robot artifact creature token.",{G}{U},Creature — Insect Artificer,uncommon,74176,0.604,EOE
Biotech Specialist,"When this creature enters, create a Lander token. (It's an artifact with ""{2}, {T}, Sacrifice this token: Search your library for a basic land card, put it onto the battlefield tapped, then shuffle."")
Whenever you sacrifice an artifact, this creature deals 2 damage to target opponent.",{R}{G},Creature — Insect Scientist,rare,21024,0.6,EOE
"Dyadrine, Synthesis Amalgam","Trample
Dyadrine enters with a number of +1/+1 counters on it equal to the amount of mana spent to cast it.
Whenever you attack, you may remove a +1/+1 counter from each of two creatures you control. If you do, draw a card and create a 2/2 colorless Robot artifact creature token.",{X}{G}{W},Legendary Artifact Creature — Construct,rare,17295,0.575,EOE
Genemorph Imago,"Flying
Landfall — Whenever a land you control enters, target creature has base power and toughness 3/3 until end of turn. If you control six or more lands, that creature has base power and toughness 6/6 until end of turn instead.",{G}{U},Creature — Insect Druid,rare,28245,0.618,EOE
"Haliya, Ascendant Cadet","Whenever Haliya enters or attacks, put a +1/+1 counter on target creature you control.
Whenever one or more creatures you control with +1/+1 counters on them deal combat damage to a player, draw a card.",{2}{G}{W}{W},Legendary Creature — Human Soldier,uncommon,32507,0.552,EOE
Infinite Guideline Station,"When Infinite Guideline Station enters, create a tapped 2/2 colorless Robot artifact creature token for each multicolored permanent you control.
Station (Tap another creature you control: Put charge counters equal to its power on this Spacecraft. Station only as a sorcery. It's an artifact creature at 12+.)
12+ | Flying
Whenever Infinite Guideline Station attacks, draw a card for each multicolored permanent you control.",{W}{U}{B}{R}{G},Legendary Artifact — Spacecraft,rare,762,0.483,EOE
Interceptor Mechan,"Flying
When this creature enters, return target artifact or creature card from your graveyard to your hand.
Void — At the beginning of your end step, if a nonland permanent left the battlefield this turn or a spell was warped this turn, put a +1/+1 counter on this creature.",{2}{B}{R},Artifact Creature — Robot,uncommon,48606,0.578,EOE
"Mm'menon, Uthros Exile","Flying
Whenever an artifact you control enters, put a +1/+1 counter on target creature.",{1}{U}{R},Legendary Creature — Jellyfish Advisor,uncommon,32683,0.533,EOE
Mutinous Massacre,Choose odd or even. Destroy each creature with mana value of the chosen quality. Then gain control of all creatures until end of turn. Untap them. They gain haste until end of turn. (Zero is even.),{3}{B}{B}{R}{R},Sorcery,rare,20031,0.596,EOE
Pinnacle Emissary,"Whenever you cast an artifact spell, create a 1/1 colorless Drone artifact creature token with flying and ""This token can block only creatures with flying.""
Warp {U/R} (You may cast this card from your hand for its warp cost. Exile this creature at the beginning of the next end step, then you may cast it from exile on a later turn.)",{1}{U}{R},Artifact Creature — Robot,rare,18650,0.584,EOE
"Ragost, Deft Gastronaut","Artifacts you control are Foods in addition to their other types and have ""{2}, {T}, Sacrifice this artifact: You gain 3 life.""
{1}, {T}, Sacrifice a Food: Ragost deals 3 damage to each opponent.
At the beginning of each end step, if you gained life this turn, untap Ragost.",{R}{W},Legendary Creature — Lobster Citizen,rare,5310,0.51,EOE
"Sami, Ship's Engineer","At the beginning of your end step, if you control two or more tapped creatures, create a tapped 2/2 colorless Robot artifact creature token.",{2}{R}{W},Legendary Creature — Human Artificer,uncommon,17749,0.513,EOE
"Sami, Wildcat Captain","Double strike, vigilance
Spells you cast have affinity for artifacts. (They cost {1} less to cast for each artifact you control.)",{4}{R}{W},Legendary Creature — Human Artificer Rogue,mythic,2905,0.509,EOE
Seedship Broodtender,"When this creature enters, mill three cards. (Put the top three cards of your library into your graveyard.)
{3}{B}{G}, Sacrifice this creature: Return target creature or Spacecraft card from your graveyard to the battlefield. Activate only as a sorcery.",{B}{G},Creature — Insect Citizen,uncommon,30261,0.552,EOE
Singularity Rupture,"Destroy all creatures, then any number of target players each mill half their library, rounded down.",{3}{U}{B}{B},Sorcery,rare,23655,0.591,EOE
Space-Time Anomaly,Target player mills cards equal to your life total.,{2}{W}{U},Sorcery,rare,7569,0.556,EOE
Station Monitor,"Whenever you cast your second spell each turn, create a 1/1 colorless Drone artifact creature token with flying and ""This token can block only creatures with flying.""",{W}{U},Creature — Lizard Artificer,uncommon,54339,0.59,EOE
"Syr Vondam, Sunstar Exemplar","Vigilance, menace
Whenever another creature you control dies or is put into exile, put a +1/+1 counter on Syr Vondam and you gain 1 life.
When Syr Vondam dies or is put into exile while its power is 4 or greater, destroy up to one target nonland permanent.",{W}{B},Legendary Creature — Human Knight,rare,17977,0.594,EOE
"Syr Vondam, the Lucent","Deathtouch, lifelink
Whenever Syr Vondam enters or attacks, other creatures you control get +1/+0 and gain deathtouch until end of turn.",{2}{W}{B}{B},Legendary Creature — Human Knight,uncommon,38051,0.569,EOE
"Tannuk, Memorial Ensign","Landfall — Whenever a land you control enters, Tannuk deals 1 damage to each opponent. If this is the second time this ability has resolved this turn, draw a card.",{1}{R}{G},Legendary Creature — Kavu Pilot,uncommon,41948,0.56,EOE
All-Fates Scroll,"{T}: Add one mana of any color.
{7}, {T}, Sacrifice this artifact: Draw X cards, where X is the number of differently named lands you control.",{3},Artifact,uncommon,39844,0.55,EOE
Bygone Colossus,"Warp {3} (You may cast this card from your hand for its warp cost. Exile this creature at the beginning of the next end step, then you may cast it from exile on a later turn.)",{9},Artifact Creature — Robot Giant,uncommon,3935,0.447,EOE
Chrome Companion,"Whenever this creature becomes tapped, you gain 1 life.
{2}, {T}: Put target card from a graveyard on the bottom of its owner's library.",{2},Artifact Creature — Dog,common,47535,0.532,EOE
Dauntless Scrapbot,"When this creature enters, exile each opponent's graveyard. Create a Lander token. (It's an artifact with ""{2}, {T}, Sacrifice this token: Search your library for a basic land card, put it onto the battlefield tapped, then shuffle."")",{3},Artifact Creature — Robot,uncommon,79300,0.569,EOE
"Dawnsire, Sunstar Dreadnought","Station (Tap another creature you control: Put charge counters equal to its power on this Spacecraft. Station only as a sorcery. It's an artifact creature at 20+.)
10+ | Whenever you attack, Dawnsire deals 100 damage to up to one target creature or planeswalker.
20+ | Flying",{5},Legendary Artifact — Spacecraft,mythic,6314,0.484,EOE
The Dominion Bracelet,"Equipped creature gets +1/+1 and has ""{15}, Exile The Dominion Bracelet: You control target opponent during their next turn. This ability costs {X} less to activate, where X is this creature's power. Activate only as a sorcery."" (You see all cards that player could see and make all decisions for them.)
Equip {1}",{2},Legendary Artifact — Equipment,mythic,2891,0.494,EOE
The Endstone,"Whenever you play a land or cast a spell, draw a card.
At the beginning of your end step, your life total becomes half your starting life total, rounded up.",{7},Legendary Artifact,mythic,13216,0.561,EOE
The Eternity Elevator,"{T}: Add {C}{C}{C}.
Station (Tap another creature you control: Put charge counters equal to its power on this Spacecraft. Station only as a sorcery.)
20+ | {T}: Add X mana of any one color, where X is the number of charge counters on The Eternity Elevator.",{5},Legendary Artifact — Spacecraft,rare,568,0.419,EOE
Extinguisher Battleship,"When this Spacecraft enters, destroy target noncreature permanent. Then this Spacecraft deals 4 damage to each creature.
Station (Tap another creature you control: Put charge counters equal to its power on this Spacecraft. Station only as a sorcery. It's an artifact creature at 5+.)
5+ | Flying, trample",{8},Artifact — Spacecraft,rare,25086,0.575,EOE
Nutrient Block,"Indestructible (Effects that say ""destroy"" don't destroy this artifact.)
{2}, {T}, Sacrifice this artifact: You gain 3 life.
When this artifact is put into a graveyard from the battlefield, draw a card.",{1},Artifact — Food,common,100044,0.55,EOE
Pinnacle Kill-Ship,"When this Spacecraft enters, it deals 10 damage to up to one target creature.
Station (Tap another creature you control: Put charge counters equal to its power on this Spacecraft. Station only as a sorcery. It's an artifact creature at 7+.)
7+ | Flying",{7},Artifact — Spacecraft,common,127353,0.566,EOE
Survey Mechan,"Flying
Hexproof (This creature can't be the target of spells or abilities your opponents control.)
{10}, Sacrifice this creature: It deals 3 damage to any target. Target player draws three cards and gains 3 life. This ability costs {X} less to activate, where X is the number of differently named lands you control.",{4},Artifact Creature — Robot,uncommon,48927,0.564,EOE
Thaumaton Torpedo,"{6}, {T}, Sacrifice this artifact: Destroy target nonland permanent. This ability costs {3} less to activate if you attacked with a Spacecraft this turn.",{1},Artifact,common,12130,0.497,EOE
Thrumming Hivepool,"Affinity for Slivers (This spell costs {1} less to cast for each Sliver you control.)
Slivers you control have double strike and haste.
At the beginning of your upkeep, create two 1/1 colorless Sliver creature tokens.",{6},Artifact,rare,29281,0.577,EOE
Virulent Silencer,"Whenever a nontoken artifact creature you control deals combat damage to a player, that player gets two poison counters. (A player with ten or more poison counters loses the game.)",{3},Artifact Creature — Robot Assassin,uncommon,8906,0.497,EOE
Wurmwall Sweeper,"When this Spacecraft enters, surveil 2.
Station (Tap another creature you control: Put charge counters equal to its power on this Spacecraft. Station only as a sorcery. It's an artifact creature at 4+.)
4+ | Flying",{2},Artifact — Spacecraft,common,75440,0.541,EOE
"Adagia, Windswept Bastion","This land enters tapped.
{T}: Add {W}.
Station (Tap another creature you control: Put charge counters equal to its power on this Planet. Station only as a sorcery.)
12+ | {3}{W}, {T}: Create a token that's a copy of target artifact or enchantment you control, except it's legendary. Activate only as a sorcery.",,Land — Planet,mythic,8883,0.555,EOE
Breeding Pool,"({T}: Add {G} or {U}.)
As this land enters, you may pay 2 life. If you don't, it enters tapped.",,Land — Forest Island,rare,19388,0.566,EOE
Command Bridge,"This land enters tapped.
When this land enters, sacrifice it unless you tap an untapped permanent you control.
{T}: Add one mana of any color.",,Land,common,111837,0.529,EOE
"Evendo, Waking Haven","This land enters tapped.
{T}: Add {G}.
Station (Tap another creature you control: Put charge counters equal to its power on this Planet. Station only as a sorcery.)
12+ | {G}, {T}: Add {G} for each creature you control.",,Land — Planet,mythic,2949,0.517,EOE
Godless Shrine,"({T}: Add {W} or {B}.)
As this land enters, you may pay 2 life. If you don't, it enters tapped.",,Land — Plains Swamp,rare,12595,0.542,EOE
"Kavaron, Memorial World","This land enters tapped.
{T}: Add {R}.
Station (Tap another creature you control: Put charge counters equal to its power on this Planet. Station only as a sorcery.)
12+ | {1}{R}, {T}, Sacrifice a land: Create a 2/2 colorless Robot artifact creature token, then creatures you control get +1/+0 and gain haste until end of turn.",,Land — Planet,mythic,10636,0.576,EOE
Sacred Foundry,"({T}: Add {R} or {W}.)
As this land enters, you may pay 2 life. If you don't, it enters tapped.",,Land — Mountain Plains,rare,9274,0.53,EOE
Secluded Starforge,"{T}: Add {C}.
{2}, {T}, Tap X untapped artifacts you control: Target creature gets +X/+0 until end of turn. Activate only as a sorcery.
{5}, {T}: Create a 2/2 colorless Robot artifact creature token.",,Land,rare,31366,0.586,EOE
Stomping Ground,"({T}: Add {R} or {G}.)
As this land enters, you may pay 2 life. If you don't, it enters tapped.",,Land — Mountain Forest,rare,15495,0.556,EOE
"Susur Secundi, Void Altar","This land enters tapped.
{T}: Add {B}.
Station (Tap another creature you control: Put charge counters equal to its power on this Planet. Station only as a sorcery.)
12+ | {1}{B}, {T}, Pay 2 life, Sacrifice a creature: Draw cards equal to the sacrificed creature's power. Activate only as a sorcery.",,Land — Planet,mythic,7145,0.528,EOE
"Uthros, Titanic Godcore","This land enters tapped.
{T}: Add {U}.
Station (Tap another creature you control: Put charge counters equal to its power on this Planet. Station only as a sorcery.)
12+ | {U}, {T}: Add {U} for each artifact you control.",,Land — Planet,mythic,2548,0.513,EOE
Watery Grave,"({T}: Add {U} or {B}.)
As this land enters, you may pay 2 life. If you don't, it enters tapped.",,Land — Island Swamp,rare,18023,0.549,EOE
Changeling Wayfinder,"Changeling (This card is every creature type.)
When this creature enters, you may search your library for a basic land card, reveal it, put it into your hand, then shuffle.",{3},Creature — Shapeshifter,common,92776,0.536,ECL
Rooftop Percher,"Changeling (This card is every creature type.)
Flying
When this creature enters, exile up to two target cards from graveyards. You gain 3 life.",{5},Creature — Shapeshifter,common,68138,0.55,ECL
Adept Watershaper,Other tapped creatures you control have indestructible.,{2}{W},Creature — Merfolk Cleric,rare,17414,0.579,ECL
"Ajani, Outland Chaperone","[+1]: Create a 1/1 green and white Kithkin creature token.
[−2]: Ajani deals 4 damage to target tapped creature.
[−8]: Look at the top X cards of your library, where X is your life total. You may put any number of nonland permanent cards with mana value 3 or less from among them onto the battlefield. Then shuffle.",{1}{W}{W},Legendary Planeswalker — Ajani,mythic,10127,0.609,ECL
Appeal to Eirdu,"Convoke (Your creatures can help cast this spell. Each creature you tap while casting this spell pays for {1} or one mana of that creature's color.)
One or two target creatures each get +2/+1 until end of turn.",{3}{W},Instant,common,9347,0.5,ECL
Bark of Doran,"Equipped creature gets +0/+1.
As long as equipped creature's toughness is greater than its power, it assigns combat damage equal to its toughness rather than its power.
Equip {1} ({1}: Attach to target creature you control. Equip only as a sorcery.)",{1}{W},Artifact — Equipment,uncommon,5218,0.494,ECL
Burdened Stoneback,"This creature enters with two -1/-1 counters on it.
{1}{W}, Remove a counter from this creature: Target creature gains indestructible until end of turn. Activate only as a sorcery. (Damage and effects that say ""destroy"" don't destroy it. If its toughness is 0 or less, it still dies.)",{1}{W},Creature — Giant Warrior,uncommon,23821,0.53,ECL
Champion of the Clachan,"Flash
As an additional cost to cast this spell, behold a Kithkin and exile it. (Exile a Kithkin you control or a Kithkin card from your hand.)
Other Kithkin you control get +1/+1.
When this creature leaves the battlefield, return the exiled card to its owner's hand.",{3}{W},Creature — Kithkin Knight,rare,12552,0.557,ECL
Clachan Festival,"When this enchantment enters, create two 1/1 green and white Kithkin creature tokens.
{4}{W}: Create a 1/1 green and white Kithkin creature token.",{2}{W},Kindred Enchantment — Kithkin,uncommon,33710,0.565,ECL
Crib Swap,"Changeling (This card is every creature type.)
Exile target creature. Its controller creates a 1/1 colorless Shapeshifter creature token with changeling.",{2}{W},Kindred Instant — Shapeshifter,uncommon,8817,0.502,ECL
Curious Colossus,"When this creature enters, each creature target opponent controls loses all abilities, becomes a Coward in addition to its other types, and has base power and toughness 1/1.",{5}{W}{W},Creature — Giant Warrior,mythic,10714,0.629,ECL
Encumbered Reejerey,"This creature enters with three -1/-1 counters on it.
Whenever this creature becomes tapped while it has a -1/-1 counter on it, remove a -1/-1 counter from it.",{1}{W},Creature — Merfolk Soldier,uncommon,41141,0.564,ECL
Evershrike's Gift,"Enchant creature
Enchanted creature gets +1/+0 and has flying.
{1}{W}, Blight 2: Return this card from your graveyard to your hand. Activate only as a sorcery. (To blight 2, put two -1/-1 counters on a creature you control.)",{W},Enchantment — Aura,uncommon,15509,0.532,ECL
Flock Impostor,"Changeling (This card is every creature type.)
Flash
Flying
When this creature enters, return up to one other target creature you control to its owner's hand.",{2}{W},Creature — Shapeshifter,uncommon,35010,0.552,ECL
Gallant Fowlknight,"When this creature enters, creatures you control get +1/+0 until end of turn. Kithkin creatures you control also gain first strike until end of turn.",{3}{W},Creature — Kithkin Knight,common,47376,0.542,ECL
Goldmeadow Nomad,"{W}, Exile this card from your graveyard: Create a 1/1 green and white Kithkin creature token. Activate only as a sorcery.",{W},Creature — Kithkin Scout,common,36081,0.526,ECL
Keep Out,"Choose one —
• Keep Out deals 4 damage to target tapped creature.
• Destroy target enchantment.",{1}{W},Instant,common,51876,0.526,ECL
Kinbinding,"Creatures you control get +X/+X, where X is the number of creatures that entered the battlefield under your control this turn.
At the beginning of combat on your turn, create a 1/1 green and white Kithkin creature token.",{3}{W}{W},Enchantment,rare,21787,0.643,ECL
Kinsbaile Aspirant,"As an additional cost to cast this spell, behold a Kithkin or pay {2}. (To behold a Kithkin, choose a Kithkin you control or reveal a Kithkin card from your hand.)
Whenever another creature you control enters, this creature gets +1/+1 until end of turn.",{W},Creature — Kithkin Citizen,uncommon,32207,0.581,ECL
Kinscaer Sentry,"First strike, lifelink
Whenever this creature attacks, you may put a creature card with mana value X or less from your hand onto the battlefield tapped and attacking, where X is the number of attacking creatures you control.",{1}{W},Creature — Kithkin Soldier,rare,16360,0.59,ECL
Kithkeeper,"Vivid — When this creature enters, create X 1/1 green and white Kithkin creature tokens, where X is the number of colors among permanents you control.
Tap three untapped creatures you control: This creature gets +3/+0 and gains flying until end of turn.",{6}{W},Creature — Elemental,uncommon,23487,0.537,ECL
Liminal Hold,"When this enchantment enters, exile up to one target nonland permanent an opponent controls until this enchantment leaves the battlefield. You gain 2 life.",{3}{W},Enchantment,common,104832,0.558,ECL
Meanders Guide,"Whenever this creature attacks, you may tap another untapped Merfolk you control. When you do, return target creature card with mana value 3 or less from your graveyard to the battlefield.",{2}{W},Creature — Merfolk Scout,uncommon,28069,0.541,ECL
Moonlit Lamenter,"This creature enters with a -1/-1 counter on it.
{1}{W}, Remove a counter from this creature: Draw a card. Activate only as a sorcery.",{2}{W},Creature — Treefolk Cleric,uncommon,30922,0.553,ECL
Morningtide's Light,"Exile any number of target creatures. At the beginning of the next end step, return those cards to the battlefield tapped under their owners' control.
Until your next turn, prevent all damage that would be dealt to you.
Exile Morningtide's Light.",{3}{W},Sorcery,mythic,5273,0.54,ECL
Personify,"Exile target creature you control, then return that card to the battlefield under its owner's control. Create a 1/1 colorless Shapeshifter creature token with changeling. (It's every creature type.)",{1}{W},Instant,uncommon,24073,0.55,ECL
Protective Response,"Convoke (Your creatures can help cast this spell. Each creature you tap while casting this spell pays for {1} or one mana of that creature's color.)
Destroy target attacking or blocking creature.",{2}{W},Instant,uncommon,41633,0.572,ECL
Pyrrhic Strike,"As an additional cost to cast this spell, you may blight 2. (You may put two -1/-1 counters on a creature you control.)
Choose one. If this spell's additional cost was paid, choose both instead.
• Destroy target artifact or enchantment.
• Destroy target creature with mana value 3 or greater.",{2}{W},Instant,uncommon,46940,0.583,ECL
Reluctant Dounguard,"This creature enters with two -1/-1 counters on it.
Whenever another creature you control enters while this creature has a -1/-1 counter on it, remove a -1/-1 counter from this creature.",{2}{W},Creature — Kithkin Soldier,common,33996,0.516,ECL
"Rhys, the Evermore","Flash
When Rhys enters, another target creature you control gains persist until end of turn. (When it dies, if it had no -1/-1 counters on it, return it to the battlefield under its owner's control with a -1/-1 counter on it.)
{W}, {T}: Remove any number of counters from target creature you control. Activate only as a sorcery.",{1}{W},Legendary Creature — Elf Warrior,rare,12774,0.527,ECL
Riverguard's Reflexes,Target creature gets +2/+2 and gains first strike until end of turn. Untap it.,{1}{W},Instant,common,22113,0.527,ECL
Shore Lurker,"Flying
When this creature enters, surveil 1. (Look at the top card of your library. You may put it into your graveyard.)",{3}{W},Creature — Merfolk Scout,common,44113,0.537,ECL
Slumbering Walker,"This creature enters with two -1/-1 counters on it.
At the beginning of your end step, you may remove a counter from this creature. When you do, return target creature card with power 2 or less from your graveyard to the battlefield.",{3}{W}{W},Creature — Giant Warrior,rare,18265,0.594,ECL
Spiral into Solitude,"Enchant creature
Enchanted creature can't attack or block.
{1}{W}, Blight 1, Sacrifice this Aura: Exile enchanted creature. (To blight 1, put a -1/-1 counter on a creature you control.)",{1}{W},Enchantment — Aura,common,94095,0.543,ECL
Sun-Dappled Celebrant,"Convoke (Your creatures can help cast this spell. Each creature you tap while casting this spell pays for {1} or one mana of that creature's color.)
Vigilance",{4}{W}{W},Creature — Treefolk Cleric,common,46180,0.529,ECL
Thoughtweft Imbuer,"Whenever a creature you control attacks alone, it gets +X/+X until end of turn, where X is the number of Kithkin you control.",{3}{W},Creature — Kithkin Advisor,uncommon,34078,0.583,ECL
Timid Shieldbearer,{4}{W}: Creatures you control get +1/+1 until end of turn.,{1}{W},Creature — Kithkin Soldier,common,79692,0.551,ECL
Tributary Vaulter,"Flying
Whenever this creature becomes tapped, another target Merfolk you control gets +2/+0 until end of turn.",{2}{W},Creature — Merfolk Warrior,common,67094,0.554,ECL
Wanderbrine Preacher,"Whenever this creature becomes tapped, you gain 2 life.",{1}{W},Creature — Merfolk Cleric,common,87113,0.556,ECL
Wanderbrine Trapper,"{1}, {T}, Tap another untapped creature you control: Tap target creature an opponent controls.",{W},Creature — Merfolk Scout,uncommon,48122,0.595,ECL
Winnowing,"Convoke (Your creatures can help cast this spell. Each creature you tap while casting this spell pays for {1} or one mana of that creature's color.)
For each player, you choose a creature that player controls. Then each player sacrifices all other creatures they control that don't share a creature type with the chosen creature they control.",{4}{W}{W},Sorcery,rare,7902,0.528,ECL
Aquitect's Defenses,"Flash
Enchant creature you control
When this Aura enters, enchanted creature gains hexproof until end of turn. (It can't be the target of spells or abilities your opponents control.)
Enchanted creature gets +1/+2.",{1}{U},Enchantment — Aura,common,22747,0.53,ECL
Blossombind,"Enchant creature
When this Aura enters, tap enchanted creature.
Enchanted creature can't become untapped and can't have counters put on it.",{1}{U},Enchantment — Aura,common,110447,0.551,ECL
Champions of the Shoal,"As an additional cost to cast this spell, behold a Merfolk and exile it. (Exile a Merfolk you control or a Merfolk card from your hand.)
Whenever this creature enters or becomes tapped, tap up to one target creature and put a stun counter on it.
When this creature leaves the battlefield, return the exiled card to its owner's hand.",{3}{U},Creature — Merfolk Soldier,rare,19370,0.624,ECL
Disruptor of Currents,"Flash
Convoke (Your creatures can help cast this spell. Each creature you tap while casting this spell pays for {1} or one mana of that creature's color.)
When this creature enters, return up to one other target nonland permanent to its owner's hand.",{3}{U}{U},Creature — Merfolk Wizard,rare,22012,0.612,ECL
Flitterwing Nuisance,"Flying
This creature enters with a -1/-1 counter on it.
{2}{U}, Remove a counter from this creature: Whenever a creature you control deals combat damage to a player or planeswalker this turn, draw a card.",{U},Creature — Faerie Rogue,rare,20365,0.6,ECL
Glamer Gifter,"Flash
Flying
When this creature enters, choose up to one other target creature. Until end of turn, that creature has base power and toughness 4/4 and gains all creature types.",{1}{U},Creature — Faerie Wizard,uncommon,46313,0.566,ECL
Glamermite,"Flash
Flying
When this creature enters, choose one —
• Tap target creature.
• Untap target creature.",{2}{U},Creature — Faerie Rogue,common,36976,0.532,ECL
Glen Elendra Guardian,"Flash
Flying
This creature enters with a -1/-1 counter on it.
{1}{U}, Remove a counter from this creature: Counter target noncreature spell. Its controller draws a card.",{2}{U},Creature — Faerie Wizard,rare,19405,0.566,ECL
Glen Elendra's Answer,"This spell can't be countered.
Counter all spells your opponents control and all abilities your opponents control. Create a 1/1 blue and black Faerie creature token with flying for each spell and ability countered this way.",{2}{U}{U},Instant,mythic,8949,0.593,ECL
Gravelgill Scoundrel,"Vigilance
Whenever this creature attacks, you may tap another untapped creature you control. If you do, this creature can't be blocked this turn.",{1}{U},Creature — Merfolk Rogue,common,80474,0.558,ECL
Harmonized Crescendo,"Convoke (Your creatures can help cast this spell. Each creature you tap while casting this spell pays for {1} or one mana of that creature's color.)
Choose a creature type. Draw a card for each permanent you control of that type.",{4}{U}{U},Instant,rare,10971,0.532,ECL
Illusion Spinners,"You may cast this spell as though it had flash if you control a Faerie.
Flying
This creature has hexproof as long as it's untapped. (It can't be the target of spells or abilities your opponents control.)",{4}{U},Creature — Faerie Wizard,uncommon,11395,0.512,ECL
Kulrath Mystic,"Whenever you cast a spell with mana value 4 or greater, this creature gets +2/+0 and gains vigilance until end of turn.",{2}{U},Creature — Elemental Wizard,common,42714,0.539,ECL
Loch Mare,"This creature enters with three -1/-1 counters on it.
{1}{U}, Remove a counter from this creature: Draw a card.
{2}{U}, Remove two counters from this creature: Tap target creature. Put a stun counter on it. (If a permanent with a stun counter would become untapped, remove one from it instead.)",{1}{U},Creature — Horse Serpent,mythic,12519,0.621,ECL
Lofty Dreams,"Convoke (Your creatures can help cast this spell. Each creature you tap while casting this spell pays for {1} or one mana of that creature's color.)
Enchant creature
When this Aura enters, draw a card.
Enchanted creature gets +2/+2 and has flying.",{3}{U}{U},Enchantment — Aura,uncommon,28927,0.553,ECL
Mirrorform,Each nonland permanent you control becomes a copy of target non-Aura permanent.,{4}{U}{U},Instant,mythic,7904,0.555,ECL
Noggle the Mind,"Flash
Enchant creature
Enchanted creature loses all abilities and is a colorless Noggle with base power and toughness 1/1. (It loses all colors and all other creature types.)",{1}{U},Enchantment — Aura,uncommon,33472,0.552,ECL
Omni-Changeling,"Changeling (This card is every creature type.)
Convoke (Your creatures can help cast this spell. Each creature you tap while casting this spell pays for {1} or one mana of that creature's color.)
You may have this creature enter as a copy of any creature on the battlefield, except it has changeling.",{3}{U}{U},Creature — Shapeshifter,uncommon,49289,0.56,ECL
Pestered Wellguard,"Whenever this creature becomes tapped, create a 1/1 blue and black Faerie creature token with flying.",{3}{U},Creature — Merfolk Soldier,uncommon,34731,0.545,ECL
Rime Chill,"Vivid — This spell costs {1} less to cast for each color among permanents you control.
Tap up to two target creatures. Put a stun counter on each of them. (If a permanent with a stun counter would become untapped, remove one from it instead.)
Draw a card.",{6}{U},Instant,uncommon,16468,0.524,ECL
Rimefire Torque,"As this artifact enters, choose a creature type.
Whenever a permanent you control of the chosen type enters, put a charge counter on this artifact.
{T}, Remove three charge counters from this artifact: When you next cast an instant or sorcery spell this turn, copy it. You may choose new targets for the copy.",{1}{U},Artifact,rare,711,0.401,ECL
Rimekin Recluse,"When this creature enters, return up to one other target creature to its owner's hand.",{2}{U},Creature — Elemental Wizard,uncommon,61474,0.602,ECL
Run Away Together,Choose two target creatures controlled by different players. Return those creatures to their owners' hands.,{1}{U},Instant,common,24593,0.512,ECL
Shinestriker,"Flying
Vivid — When this creature enters, draw cards equal to the number of colors among permanents you control.",{4}{U}{U},Creature — Elemental,uncommon,52397,0.585,ECL
Silvergill Mentor,"As an additional cost to cast this spell, behold a Merfolk or pay {2}. (To behold a Merfolk, choose a Merfolk you control or reveal a Merfolk card from your hand.)
When this creature enters, create a 1/1 white and blue Merfolk creature token.",{1}{U},Creature — Merfolk Wizard,uncommon,44535,0.601,ECL
Silvergill Peddler,"Whenever this creature becomes tapped, draw a card, then discard a card.",{2}{U},Creature — Merfolk Citizen,common,64665,0.55,ECL
Spell Snare,Counter target spell with mana value 2.,{U},Instant,uncommon,4865,0.487,ECL
Stratosoarer,"Flying
When this creature enters, target creature gains flying until end of turn.
Basic landcycling {1}{U} ({1}{U}, Discard this card: Search your library for a basic land card, reveal it, put it into your hand, then shuffle.)",{4}{U},Creature — Elemental,common,65140,0.547,ECL
Summit Sentinel,"When this creature dies, draw a card.",{1}{U},Creature — Elemental Soldier,common,62782,0.537,ECL
Sunderflock,"This spell costs {X} less to cast, where X is the greatest mana value among Elementals you control.
Flying
When this creature enters, if you cast it, return all non-Elemental creatures to their owners' hands.",{7}{U}{U},Creature — Elemental,rare,20284,0.641,ECL
Swat Away,"This spell costs {2} less to cast if a creature is attacking you.
The owner of target spell or creature puts it on their choice of the top or bottom of their library.",{2}{U}{U},Instant,uncommon,33934,0.547,ECL
Tanufel Rimespeaker,"Whenever you cast a spell with mana value 4 or greater, draw a card.",{3}{U},Creature — Elemental Wizard,uncommon,47435,0.563,ECL
Temporal Cleansing,"Convoke (Your creatures can help cast this spell. Each creature you tap while casting this spell pays for {1} or one mana of that creature's color.)
The owner of target nonland permanent puts it into their library second from the top or on the bottom.",{3}{U},Sorcery,common,94109,0.561,ECL
Thirst for Identity,Draw three cards. Then discard two cards unless you discard a creature card.,{2}{U},Instant,uncommon,18110,0.532,ECL
Unexpected Assistance,"Convoke (Your creatures can help cast this spell. Each creature you tap while casting this spell pays for {1} or one mana of that creature's color.)
Draw three cards, then discard a card.",{3}{U}{U},Instant,common,103799,0.558,ECL
Unwelcome Sprite,"Flying
Whenever you cast a spell during an opponent's turn, surveil 2. (Look at the top two cards of your library. You may put any number of them into your graveyard and the rest on top of your library in any order.)",{1}{U},Creature — Faerie Rogue,uncommon,42256,0.563,ECL
Wanderwine Distracter,"Whenever this creature becomes tapped, target creature an opponent controls gets -3/-0 until end of turn.",{3}{U},Creature — Merfolk Wizard,common,19978,0.509,ECL
Wanderwine Farewell,"Convoke (Your creatures can help cast this spell. Each creature you tap while casting this spell pays for {1} or one mana of that creature's color.)
Return one or two target nonland permanents to their owners' hands. Then if you control a Merfolk, create a 1/1 white and blue Merfolk creature token for each permanent returned to its owner's hand this way.",{5}{U}{U},Kindred Sorcery — Merfolk,uncommon,35298,0.568,ECL
Wild Unraveling,"As an additional cost to cast this spell, blight 2 or pay {1}. (To blight 2, put two -1/-1 counters on a creature you control.)
Counter target spell.",{U}{U},Instant,common,28542,0.534,ECL
Auntie's Sentence,"Choose one —
• Target opponent reveals their hand. You choose a nonland permanent card from it. That player discards that card.
• Target creature gets -2/-2 until end of turn.",{1}{B},Sorcery,common,49484,0.534,ECL
Barbed Bloodletter,"Flash
When this Equipment enters, attach it to target creature you control. That creature gains wither until end of turn. (It deals damage to creatures in the form of -1/-1 counters.)
Equipped creature gets +1/+2.
Equip {2}",{1}{B},Artifact — Equipment,common,17760,0.534,ECL
Bile-Vial Boggart,"When this creature dies, put a -1/-1 counter on up to one target creature.",{B},Creature — Goblin Assassin,common,39670,0.519,ECL
Bitterbloom Bearer,"Flash
Flying
At the beginning of your upkeep, you lose 1 life and create a 1/1 blue and black Faerie creature token with flying.",{B}{B},Creature — Faerie Rogue,mythic,8718,0.579,ECL
Blight Rot,Put four -1/-1 counters on target creature.,{2}{B},Instant,common,96139,0.554,ECL
Blighted Blackthorn,"Whenever this creature enters or attacks, you may blight 2. If you do, you draw a card and lose 1 life. (To blight 2, put two -1/-1 counters on a creature you control.)",{4}{B},Creature — Treefolk Warlock,common,28198,0.508,ECL
Bloodline Bidding,"Convoke (Your creatures can help cast this spell. Each creature you tap while casting this spell pays for {1} or one mana of that creature's color.)
Choose a creature type. Return all creature cards of the chosen type from your graveyard to the battlefield.",{6}{B}{B},Sorcery,rare,16013,0.586,ECL
Boggart Mischief,"When this enchantment enters, you may blight 1. If you do, create two 1/1 black and red Goblin creature tokens. (To blight 1, put a -1/-1 counter on a creature you control.)
Whenever a Goblin creature you control dies, each opponent loses 1 life and you gain 1 life.",{2}{B},Kindred Enchantment — Goblin,uncommon,30737,0.57,ECL
Boggart Prankster,"Whenever you attack, target attacking Goblin you control gets +1/+0 until end of turn.",{1}{B},Creature — Goblin Warrior,common,44423,0.525,ECL
Bogslither's Embrace,"As an additional cost to cast this spell, blight 1 or pay {3}. (To blight 1, put a -1/-1 counter on a creature you control.)
Exile target creature.",{1}{B},Sorcery,common,103371,0.561,ECL
Champion of the Weird,"As an additional cost to cast this spell, behold a Goblin and exile it. (Exile a Goblin you control or a Goblin card from your hand.)
Pay 1 life, Blight 2: Target opponent blights 2. Activate only as a sorcery.
When this creature leaves the battlefield, return the exiled card to its owner's hand.",{3}{B},Creature — Goblin Berserker,rare,13542,0.595,ECL
Creakwood Safewright,"This creature enters with three -1/-1 counters on it.
At the beginning of your end step, if there is an Elf card in your graveyard and this creature has a -1/-1 counter on it, remove a -1/-1 counter from this creature.",{1}{B},Creature — Elf Warrior,uncommon,41126,0.572,ECL
Darkness Descends,Put two -1/-1 counters on each creature.,{2}{B}{B},Sorcery,uncommon,5551,0.491,ECL
Dawnhand Dissident,"{T}, Blight 1: Surveil 1.
{T}, Blight 2: Exile target card from a graveyard.
During your turn, you may cast creature spells from among cards you own exiled with this creature by removing three counters from among creatures you control in addition to paying their other costs.",{B},Creature — Elf Warlock,rare,19759,0.589,ECL
Dawnhand Eulogist,"Menace (This creature can't be blocked except by two or more creatures.)
When this creature enters, mill three cards. Then if there is an Elf card in your graveyard, each opponent loses 2 life and you gain 2 life. (To mill three cards, put the top three cards of your library into your graveyard.)",{3}{B},Creature — Elf Warlock,common,96564,0.579,ECL
Dose of Dawnglow,"Return target creature card from your graveyard to the battlefield. Then if it isn't your main phase, blight 2. (Put two -1/-1 counters on a creature you control.)",{4}{B},Instant,uncommon,13801,0.509,ECL
Dream Seizer,"Flying
When this creature enters, you may blight 1. If you do, each opponent discards a card. (To blight 1, put a -1/-1 counter on a creature you control.)",{3}{B},Creature — Faerie Rogue,common,27127,0.513,ECL
Gloom Ripper,"When this creature enters, target creature you control gets +X/+0 until end of turn and up to one target creature an opponent controls gets -0/-X until end of turn, where X is the number of Elves you control plus the number of Elf cards in your graveyard.",{3}{B}{B},Creature — Elf Assassin,rare,19732,0.662,ECL
Gnarlbark Elm,"This creature enters with two -1/-1 counters on it.
{2}{B}, Remove two counters from this creature: Target creature gets -2/-2 until end of turn. Activate only as a sorcery.",{2}{B},Creature — Treefolk Warlock,uncommon,29443,0.54,ECL
Graveshifter,"Changeling (This card is every creature type.)
When this creature enters, you may return target creature card from your graveyard to your hand.",{3}{B},Creature — Shapeshifter,uncommon,40278,0.54,ECL
Gutsplitter Gang,"At the beginning of your first main phase, you may blight 2. If you don't, you lose 3 life. (To blight 2, put two -1/-1 counters on a creature you control.)",{3}{B},Creature — Goblin Berserker,uncommon,19151,0.519,ECL
Heirloom Auntie,"This creature enters with two -1/-1 counters on it.
Whenever another creature you control dies, surveil 1, then remove a -1/-1 counter from this creature. (To surveil 1, look at the top card of your library. You may put it into your graveyard.)",{2}{B},Creature — Goblin Warlock,common,30193,0.485,ECL
Iron-Shield Elf,"Discard a card: This creature gains indestructible until end of turn. Tap it. (Damage and effects that say ""destroy"" don't destroy it. If its toughness is 0 or less, it still dies.)",{1}{B},Creature — Elf Warrior,uncommon,42134,0.578,ECL
Moonglove Extractor,"Whenever this creature attacks, you draw a card and lose 1 life.",{2}{B},Creature — Elf Warlock,common,38598,0.521,ECL
Moonshadow,"Menace
This creature enters with six -1/-1 counters on it.
Whenever one or more permanent cards are put into your graveyard from anywhere while this creature has a -1/-1 counter on it, remove a -1/-1 counter from this creature.",{B},Creature — Elemental,mythic,8291,0.571,ECL
Mudbutton Cursetosser,"As an additional cost to cast this spell, behold a Goblin or pay {2}. (To behold a Goblin, choose a Goblin you control or reveal a Goblin card from your hand.)
This creature can't block.
When this creature dies, destroy target creature an opponent controls with power 2 or less.",{B},Creature — Goblin Warlock,uncommon,27338,0.575,ECL
Nameless Inversion,"Changeling (This card is every creature type.)
Target creature gets +3/-3 and loses all creature types until end of turn.",{1}{B},Kindred Instant — Shapeshifter,uncommon,43595,0.564,ECL
Nightmare Sower,"Flying, lifelink
Whenever you cast a spell during an opponent's turn, put a -1/-1 counter on up to one target creature.",{3}{B},Creature — Faerie Assassin,uncommon,13878,0.513,ECL
Perfect Intimidation,"Choose one or both —
• Target opponent exiles two cards from their hand.
• Remove all counters from target creature.",{3}{B},Sorcery,uncommon,3366,0.474,ECL
Requiting Hex,"As an additional cost to cast this spell, you may blight 1. (You may put a -1/-1 counter on a creature you control.)
Destroy target creature with mana value 2 or less. If this spell's additional cost was paid, you gain 2 life.",{B},Instant,uncommon,22108,0.527,ECL
Retched Wretch,"When this creature dies, if it had a -1/-1 counter on it, return it to the battlefield under its owner's control and it loses all abilities.",{2}{B},Creature — Goblin,uncommon,20923,0.533,ECL
Scarblade Scout,"Lifelink
When this creature enters, mill two cards. (Put the top two cards of your library into your graveyard.)",{1}{B},Creature — Elf Scout,common,99851,0.574,ECL
Scarblade's Malice,"Target creature you control gains deathtouch and lifelink until end of turn. When that creature dies this turn, create a 2/2 black and green Elf creature token.",{B},Instant,common,36659,0.541,ECL
Shimmercreep,"Menace (This creature can't be blocked except by two or more creatures.)
Vivid — When this creature enters, each opponent loses X life and you gain X life, where X is the number of colors among permanents you control.",{4}{B},Creature — Elemental,uncommon,26644,0.544,ECL
Taster of Wares,"When this creature enters, target opponent reveals X cards from their hand, where X is the number of Goblins you control. You choose one of those cards. That player exiles it. If an instant or sorcery card is exiled this way, you may cast it for as long as you control this creature, and mana of any type can be spent to cast that spell.",{2}{B},Creature — Goblin Warlock,rare,18540,0.606,ECL
Twilight Diviner,"When this creature enters, surveil 2. (Look at the top two cards of your library, then put any number of them into your graveyard and the rest on top of your library in any order.)
Whenever one or more other creatures you control enter, if they entered or were cast from a graveyard, create a token that's a copy of one of them. This ability triggers only once each turn.",{2}{B},Creature — Elf Cleric,rare,13130,0.561,ECL
Unbury,"Choose one —
• Return target creature card from your graveyard to your hand.
• Return two target creature cards that share a creature type from your graveyard to your hand.",{1}{B},Instant,uncommon,37471,0.55,ECL
Boldwyr Aggressor,"Double strike
Other Giants you control have double strike.",{3}{R}{R},Creature — Giant Warrior,uncommon,9786,0.514,ECL
Boneclub Berserker,This creature gets +2/+0 for each other Goblin you control.,{3}{R},Creature — Goblin Berserker,common,25708,0.505,ECL
Boulder Dash,Boulder Dash deals 2 damage to any target and 1 damage to any other target.,{1}{R},Sorcery,uncommon,41555,0.554,ECL
Brambleback Brute,"This creature enters with two -1/-1 counters on it.
{1}{R}, Remove a counter from this creature: Target creature can't block this turn. Activate only as a sorcery.",{2}{R},Creature — Giant Warrior,common,31527,0.521,ECL
Burning Curiosity,"As an additional cost to cast this spell, you may blight 1. (You may put a -1/-1 counter on a creature you control.)
Exile the top two cards of your library. If this spell's additional cost was paid, exile the top three cards instead. Until the end of your next turn, you may play those cards.",{2}{R},Sorcery,common,36831,0.516,ECL
Champion of the Path,"As an additional cost to cast this spell, behold an Elemental and exile it. (Exile an Elemental you control or an Elemental card from your hand.)
Whenever another Elemental you control enters, it deals damage equal to its power to each opponent.
When this creature leaves the battlefield, return the exiled card to its owner's hand.",{3}{R},Creature — Elemental Sorcerer,rare,14991,0.544,ECL
Cinder Strike,"As an additional cost to cast this spell, you may blight 1. (You may put a -1/-1 counter on a creature you control.)
Cinder Strike deals 2 damage to target creature. It deals 4 damage to that creature instead if this spell's additional cost was paid.",{R},Sorcery,common,126082,0.557,ECL
Collective Inferno,"Convoke (Your creatures can help cast this spell. Each creature you tap while casting this spell pays for {1} or one mana of that creature's color.)
As this enchantment enters, choose a creature type.
Double all damage that sources you control of the chosen type would deal.",{3}{R}{R},Enchantment,rare,5573,0.486,ECL
Elder Auntie,"When this creature enters, create a 1/1 black and red Goblin creature token.",{2}{R},Creature — Goblin Warlock,common,45561,0.519,ECL
End-Blaze Epiphany,"End-Blaze Epiphany deals X damage to target creature. When that creature dies this turn, exile a number of cards from the top of your library equal to its power, then choose a card exiled this way. Until the end of your next turn, you may play that card.",{X}{R},Instant,rare,22355,0.602,ECL
Enraged Flamecaster,"Reach
Whenever you cast a spell with mana value 4 or greater, this creature deals 2 damage to each opponent.",{2}{R},Creature — Elemental Sorcerer,common,43766,0.528,ECL
Explosive Prodigy,"Vivid — When this creature enters, it deals X damage to target creature an opponent controls, where X is the number of colors among permanents you control.",{1}{R},Creature — Elemental Sorcerer,uncommon,53393,0.58,ECL
Feed the Flames,"Feed the Flames deals 5 damage to target creature. If that creature would die this turn, exile it instead.",{3}{R},Instant,common,98049,0.544,ECL
Flame-Chain Mauler,{1}{R}: This creature gets +1/+0 and gains menace until end of turn. (It can't be blocked except by two or more creatures.),{1}{R},Creature — Elemental Warrior,common,63574,0.532,ECL
Flamebraider,{T}: Add two mana in any combination of colors. Spend this mana only to cast Elemental spells or activate abilities of Elemental sources.,{1}{R},Creature — Elemental Bard,uncommon,51359,0.587,ECL
Flamekin Gildweaver,"Trample
When this creature enters, create a Treasure token. (It's an artifact with ""{T}, Sacrifice this token: Add one mana of any color."")",{3}{R},Creature — Elemental Sorcerer,common,96646,0.565,ECL
Giantfall,"Choose one —
• Target creature you control deals damage equal to its power to target creature an opponent controls.
• Destroy target artifact.",{1}{R},Instant,uncommon,26631,0.534,ECL
Goatnap,"Gain control of target creature until end of turn. Untap that creature. It gains haste until end of turn. If that creature is a Goat, it also gets +3/+0 until end of turn.",{2}{R},Sorcery,uncommon,1897,0.484,ECL
Goliath Daydreamer,"Whenever you cast an instant or sorcery spell from your hand, exile that card with a dream counter on it instead of putting it into your graveyard as it resolves.
Whenever this creature attacks, you may cast a spell from among cards you own in exile with dream counters on them without paying its mana cost.",{2}{R}{R},Creature — Giant Wizard,rare,17441,0.552,ECL
Gristle Glutton,"{T}, Blight 1: Discard a card. If you do, draw a card. (To blight 1, put a -1/-1 counter on a creature you control.)",{1}{R},Creature — Goblin Scout,common,78435,0.538,ECL
Hexing Squelcher,"This spell can't be countered.
Ward—Pay 2 life.
Spells you control can't be countered.
Other creatures you control have ""Ward—Pay 2 life.""",{1}{R},Creature — Goblin Sorcerer,rare,9473,0.507,ECL
Impolite Entrance,"Target creature gains trample and haste until end of turn.
Draw a card.",{R},Sorcery,uncommon,3529,0.436,ECL
Kindle the Inner Flame,"Create a token that's a copy of target creature you control, except it has haste and ""At the beginning of the end step, sacrifice this token.""
Flashback—{1}{R}, Behold three Elementals. (You may cast this card from your graveyard for its flashback cost. Then exile it. To behold an Elemental, choose an Elemental you control or reveal an Elemental card from your hand.)",{3}{R},Kindred Sorcery — Elemental,uncommon,19181,0.553,ECL
Kulrath Zealot,"When this creature enters, exile the top card of your library. Until the end of your next turn, you may play that card.
Basic landcycling {1}{R} ({1}{R}, Discard this card: Search your library for a basic land card, reveal it, put it into your hand, then shuffle.)",{5}{R},Creature — Elemental Warrior,common,111406,0.567,ECL
Lasting Tarfire,"At the beginning of each end step, if you put a counter on a creature this turn, this enchantment deals 2 damage to each opponent.",{1}{R},Enchantment,uncommon,12721,0.469,ECL
Lavaleaper,"All creatures have haste.
Whenever a player taps a basic land for mana, that player adds one mana of any type that land produced.",{3}{R},Creature — Elemental,rare,1523,0.486,ECL
Reckless Ransacking,"Target creature gets +3/+2 until end of turn. Create a Treasure token. (It's an artifact with ""{T}, Sacrifice this token: Add one mana of any color."")",{1}{R},Instant,common,10072,0.501,ECL
Scuzzback Scrounger,"At the beginning of your first main phase, you may blight 1. If you do, create a Treasure token. (To blight 1, put a -1/-1 counter on a creature you control. A Treasure token is an artifact with ""{T}, Sacrifice this token: Add one mana of any color."")",{1}{R},Creature — Goblin Warrior,rare,16206,0.551,ECL
Sear,Sear deals 4 damage to target creature or planeswalker.,{1}{R},Instant,uncommon,48178,0.567,ECL
Sizzling Changeling,"Changeling (This card is every creature type.)
When this creature dies, exile the top card of your library. Until the end of your next turn, you may play that card.",{2}{R},Creature — Shapeshifter,uncommon,42433,0.541,ECL
Soul Immolation,"As an additional cost to cast this spell, blight X. X can't be greater than the greatest toughness among creatures you control. (Put X -1/-1 counters on a creature you control.)
Soul Immolation deals X damage to each opponent and each creature they control.",{3}{R}{R},Sorcery,mythic,12638,0.632,ECL
Soulbright Seeker,"As an additional cost to cast this spell, behold an Elemental or pay {2}. (To behold an Elemental, choose an Elemental you control or reveal an Elemental card from your hand.)
{R}: Target creature you control gains trample until end of turn. If this is the third time this ability has resolved this turn, add {R}{R}{R}{R}.",{R},Creature — Elemental Sorcerer,uncommon,31786,0.551,ECL
Sourbread Auntie,"When this creature enters, you may blight 2. If you do, create two 1/1 black and red Goblin creature tokens. (To blight 2, put two -1/-1 counters on a creature you control.)",{2}{R}{R},Creature — Goblin Warrior,uncommon,30546,0.553,ECL
Spinerock Tyrant,"Flying
Wither (This deals damage to creatures in the form of -1/-1 counters.)
Whenever you cast an instant or sorcery spell with a single target, you may copy it. If you do, those spells gain wither. You may choose new targets for the copy.",{3}{R}{R},Creature — Dragon,mythic,11293,0.618,ECL
Squawkroaster,"Double strike
Vivid — Squawkroaster's power is equal to the number of colors among permanents you control.",{3}{R},Creature — Elemental,uncommon,19909,0.519,ECL
Sting-Slinger,"{1}{R}, {T}, Blight 1: This creature deals 2 damage to each opponent. (To blight 1, put a -1/-1 counter on a creature you control.)",{2}{R},Creature — Goblin Warrior,uncommon,22557,0.521,ECL
Tweeze,"Tweeze deals 3 damage to any target. You may discard a card. If you do, draw a card.",{2}{R},Instant,common,101574,0.546,ECL
Warren Torchmaster,"At the beginning of combat on your turn, you may blight 1. When you do, target creature gains haste until end of turn. (To blight 1, put a -1/-1 counter on a creature you control.)",{1}{R},Creature — Goblin Warrior,uncommon,19785,0.511,ECL
Assert Perfection,Target creature you control gets +1/+0 until end of turn. It deals damage equal to its power to up to one target creature an opponent controls.,{1}{G},Sorcery,common,124496,0.579,ECL
Aurora Awakener,"Trample
Vivid — When this creature enters, reveal cards from the top of your library until you reveal X permanent cards, where X is the number of colors among permanents you control. Put any number of those permanent cards onto the battlefield, then put the rest of the revealed cards on the bottom of your library in a random order.",{6}{G},Creature — Giant Druid,mythic,11906,0.606,ECL
Bloom Tender,"Vivid — {T}: For each color among permanents you control, add one mana of that color.",{1}{G},Creature — Elf Druid,mythic,7562,0.543,ECL
Blossoming Defense,Target creature you control gets +2/+2 and gains hexproof until end of turn. (It can't be the target of spells or abilities your opponents control.),{G},Instant,uncommon,35641,0.556,ECL
Bristlebane Battler,"Trample, ward {2}
This creature enters with five -1/-1 counters on it.
Whenever another creature you control enters while this creature has a -1/-1 counter on it, remove a -1/-1 counter from this creature.",{1}{G},Creature — Kithkin Soldier,rare,17854,0.598,ECL
Bristlebane Outrider,"This creature can't be blocked by creatures with power 2 or less.
As long as another creature entered the battlefield under your control this turn, this creature gets +2/+0.",{3}{G},Creature — Kithkin Knight,uncommon,32015,0.561,ECL
Celestial Reunion,"As an additional cost to cast this spell, you may choose a creature type and behold two creatures of that type.
Search your library for a creature card with mana value X or less, reveal it, put it into your hand, then shuffle. If this spell's additional cost was paid and the revealed card is the chosen type, put that card onto the battlefield instead of putting it into your hand.",{X}{G},Sorcery,mythic,3701,0.537,ECL
Champions of the Perfect,"As an additional cost to cast this spell, behold an Elf and exile it. (Exile an Elf you control or an Elf card from your hand.)
Whenever you cast a creature spell, draw a card.
When this creature leaves the battlefield, return the exiled card to its owner's hand.",{3}{G},Creature — Elf Warrior,rare,18462,0.61,ECL
Chomping Changeling,"Changeling (This card is every creature type.)
When this creature enters, destroy up to one target artifact or enchantment.",{2}{G},Creature — Shapeshifter,uncommon,17816,0.493,ECL
Crossroads Watcher,"Trample
Whenever another creature you control enters, this creature gets +1/+0 until end of turn.",{2}{G},Creature — Kithkin Ranger,common,66090,0.553,ECL
Dawn's Light Archer,"Flash
Reach",{2}{G},Creature — Elf Archer,common,68073,0.548,ECL
Dundoolin Weaver,"When this creature enters, if you control three or more creatures, return target permanent card from your graveyard to your hand.",{1}{G},Creature — Kithkin Druid,uncommon,44864,0.561,ECL
Formidable Speaker,"When this creature enters, you may discard a card. If you do, search your library for a creature card, reveal it, put it into your hand, then shuffle.
{1}, {T}: Untap another target permanent.",{2}{G},Creature — Elf Druid,rare,17010,0.576,ECL
Gilt-Leaf's Embrace,"Flash
Enchant creature
When this Aura enters, enchanted creature gains trample and indestructible until end of turn. (Damage and effects that say ""destroy"" don't destroy it. If its toughness is 0 or less, it still dies.)
Enchanted creature gets +2/+0.",{2}{G},Enchantment — Aura,common,45662,0.549,ECL
Great Forest Druid,{T}: Add one mana of any color.,{1}{G},Creature — Treefolk Druid,common,73262,0.54,ECL
Luminollusk,"Deathtouch
Vivid — When this creature enters, you gain life equal to the number of colors among permanents you control.",{3}{G},Creature — Elemental,uncommon,16673,0.511,ECL
Lys Alana Dignitary,"As an additional cost to cast this spell, behold an Elf or pay {2}. (To behold an Elf, choose an Elf you control or reveal an Elf card from your hand.)
{T}: Add {G}{G}. Activate only if there is an Elf card in your graveyard.",{1}{G},Creature — Elf Advisor,uncommon,40747,0.576,ECL
Lys Alana Informant,"When this creature enters or dies, surveil 1. (Look at the top card of your library. You may put it into your graveyard.)",{1}{G},Creature — Elf Scout,common,109397,0.569,ECL
Midnight Tilling,"Mill four cards, then you may return a permanent card from among them to your hand. (To mill four cards, put the top four cards of your library into your graveyard.)",{1}{G},Instant,common,64758,0.563,ECL
Mistmeadow Council,"This spell costs {1} less to cast if you control a Kithkin.
When this creature enters, draw a card.",{4}{G},Creature — Kithkin Advisor,common,89601,0.566,ECL
Moon-Vigil Adherents,"Trample
This creature gets +1/+1 for each creature you control and each creature card in your graveyard.",{2}{G}{G},Creature — Elf Druid,uncommon,46413,0.586,ECL
Morcant's Eyes,"At the beginning of your upkeep, surveil 1. (Look at the top card of your library. You may put it into your graveyard.)
{4}{G}{G}, Sacrifice this enchantment: Create X 2/2 black and green Elf creature tokens, where X is the number of Elf cards in your graveyard. Activate only as a sorcery.",{1}{G},Kindred Enchantment — Elf,uncommon,45534,0.604,ECL
Mutable Explorer,"Changeling (This card is every creature type.)
When this creature enters, create a tapped Mutavault token. (It's a land with ""{T}: Add {C}"" and ""{1}: This token becomes a 2/2 creature with all creature types until end of turn. It's still a land."")",{2}{G},Creature — Shapeshifter,rare,13803,0.541,ECL
Pitiless Fists,"Enchant creature you control
When this Aura enters, enchanted creature fights up to one target creature an opponent controls. (Each deals damage equal to its power to the other.)
Enchanted creature gets +2/+2.",{3}{G},Enchantment — Aura,uncommon,47496,0.585,ECL
Prismabasher,"Trample
Vivid — When this creature enters, up to X target creatures you control get +X/+X until end of turn, where X is the number of colors among permanents you control.",{4}{G}{G},Creature — Elemental,uncommon,38410,0.565,ECL
Prismatic Undercurrents,"Vivid — When this enchantment enters, search your library for up to X basic land cards, where X is the number of colors among permanents you control. Reveal those cards, put them into your hand, then shuffle.
You may play an additional land on each of your turns.",{3}{G},Enchantment,uncommon,8118,0.489,ECL
Pummeler for Hire,"Reach, vigilance
Ward {2} (Whenever this creature becomes the target of a spell or ability an opponent controls, counter it unless that player pays {2}.)
When this creature enters, you gain X life, where X is the greatest power among Giants you control.",{4}{G},Creature — Giant Mercenary,uncommon,33524,0.556,ECL
Safewright Cavalry,"This creature can't be blocked by more than one creature.
{5}: Target Elf you control gets +2/+2 until end of turn.",{3}{G},Creature — Elf Warrior,common,90729,0.562,ECL
Sapling Nursery,"Affinity for Forests (This spell costs {1} less to cast for each Forest you control.)
Landfall — Whenever a land you control enters, create a 3/4 green Treefolk creature token with reach.
{1}{G}, Exile this enchantment: Treefolk and Forests you control gain indestructible until end of turn.",{6}{G}{G},Enchantment,rare,14185,0.564,ECL
Selfless Safewright,"Flash
Convoke (Your creatures can help cast this spell. Each creature you tap while casting this spell pays for {1} or one mana of that creature's color.)
When this creature enters, choose a creature type. Other permanents you control of that type gain hexproof and indestructible until end of turn.",{3}{G}{G},Creature — Elf Warrior,rare,16201,0.564,ECL
Shimmerwilds Growth,"Enchant land
As this Aura enters, choose a color.
Enchanted land is the chosen color.
Whenever enchanted land is tapped for mana, its controller adds an additional one mana of the chosen color.",{1}{G},Enchantment — Aura,uncommon,20220,0.502,ECL
Spry and Mighty,"Choose exactly two creatures you control. You draw X cards and the chosen creatures get +X/+X and gain trample until end of turn, where X is the difference between the chosen creatures' powers.",{4}{G},Sorcery,rare,14211,0.536,ECL
Surly Farrier,{T}: Target creature you control gets +1/+1 and gains vigilance until end of turn. Activate only as a sorcery.,{1}{G},Creature — Kithkin Citizen,common,58447,0.537,ECL
Tend the Sprigs,"Search your library for a basic land card, put it onto the battlefield tapped, then shuffle. Then if you control seven or more lands and/or Treefolk, create a 3/4 green Treefolk creature token with reach. (It can block creatures with flying.)",{2}{G},Sorcery,common,20007,0.496,ECL
Thoughtweft Charge,"Target creature gets +3/+3 until end of turn. If a creature entered the battlefield under your control this turn, draw a card.",{1}{G},Instant,uncommon,24075,0.542,ECL
Unforgiving Aim,"Choose one —
• Destroy target creature with flying.
• Destroy target enchantment.
• Create a 2/2 black and green Elf creature token.",{2}{G},Instant,common,18940,0.512,ECL
Vinebred Brawler,"This creature must be blocked if able.
Whenever this creature attacks, another target Elf you control gets +2/+1 until end of turn.",{2}{G},Creature — Elf Berserker,uncommon,33158,0.559,ECL
Virulent Emissary,"Deathtouch
Whenever another creature you control enters, you gain 1 life.",{G},Creature — Elf Assassin,uncommon,44188,0.583,ECL
Wildvine Pummeler,"Vivid — This spell costs {1} less to cast for each color among permanents you control.
Reach, trample",{6}{G},Creature — Giant Berserker,common,48819,0.519,ECL
"Abigale, Eloquent First-Year","Flying, first strike, lifelink
When Abigale enters, up to one other target creature loses all abilities. Put a flying counter, a first strike counter, and a lifelink counter on that creature.",{W/B}{W/B},Legendary Creature — Bird Bard,rare,19294,0.584,ECL
Ashling's Command,"Choose two —
• Create a token that's a copy of target Elemental you control.
• Target player draws two cards.
• Ashling's Command deals 2 damage to each creature target player controls.
• Target player creates two Treasure tokens.",{3}{U}{R},Kindred Instant — Elemental,rare,24316,0.661,ECL
Boggart Cursecrafter,"Deathtouch
Whenever another Goblin you control dies, this creature deals 1 damage to each opponent.",{B}{R},Creature — Goblin Warlock,uncommon,31611,0.57,ECL
Bre of Clan Stoutarm,"{1}{W}, {T}: Another target creature you control gains flying and lifelink until end of turn.
At the beginning of your end step, if you gained life this turn, exile cards from the top of your library until you exile a nonland card. You may cast that card without paying its mana cost if the spell's mana value is less than or equal to the amount of life you gained this turn. Otherwise, put it into your hand.",{2}{R}{W},Legendary Creature — Giant Warrior,rare,14002,0.558,ECL
Brigid's Command,"Choose two —
• Create a token that's a copy of target Kithkin you control.
• Target player creates a 1/1 green and white Kithkin creature token.
• Target creature you control gets +3/+3 until end of turn.
• Target creature you control fights target creature an opponent controls.",{1}{G}{W},Kindred Sorcery — Kithkin,rare,14045,0.598,ECL
Catharsis,"When this creature enters, if {W}{W} was spent to cast it, create two 1/1 green and white Kithkin creature tokens.
When this creature enters, if {R}{R} was spent to cast it, creatures you control get +1/+1 and gain haste until end of turn.
Evoke {R/W}{R/W} (You may cast this spell for its evoke cost. If you do, it's sacrificed when it enters.)",{4}{R/W}{R/W},Creature — Elemental Incarnation,mythic,7170,0.531,ECL
Chaos Spewer,"When this creature enters, you may pay {2}. If you don't, blight 2. (To blight 2, put two -1/-1 counters on a creature you control.)",{2}{B/R},Creature — Goblin Warlock,common,37273,0.504,ECL
Chitinous Graspling,"Changeling (This card is every creature type.)
Reach",{3}{G/U},Creature — Shapeshifter,common,48996,0.51,ECL
Deceit,"When this creature enters, if {U}{U} was spent to cast it, return up to one other target nonland permanent to its owner's hand.
When this creature enters, if {B}{B} was spent to cast it, target opponent reveals their hand. You choose a nonland card from it. That player discards that card.
Evoke {U/B}{U/B}",{4}{U/B}{U/B},Creature — Elemental Incarnation,mythic,10444,0.589,ECL
Deepchannel Duelist,"At the beginning of your end step, untap target Merfolk you control.
Other Merfolk you control get +1/+1.",{W}{U},Creature — Merfolk Soldier,uncommon,47037,0.633,ECL
Deepway Navigator,"Flash
When this creature enters, untap each other Merfolk you control.
As long as you attacked with three or more Merfolk this turn, Merfolk you control get +1/+0.",{W}{U},Creature — Merfolk Wizard,rare,14410,0.563,ECL
"Doran, Besieged by Time","Each creature spell you cast with toughness greater than its power costs {1} less to cast.
Whenever a creature you control attacks or blocks, it gets +X/+X until end of turn, where X is the difference between its power and toughness.",{1}{W}{B}{G},Legendary Creature — Treefolk Druid,rare,11678,0.585,ECL
Dream Harvest,"Each opponent exiles cards from the top of their library until they have exiled cards with total mana value 5 or greater this way. Until end of turn, you may cast cards exiled this way without paying their mana costs.",{5}{U/B}{U/B},Sorcery,rare,7495,0.503,ECL
Eclipsed Boggart,"When this creature enters, look at the top four cards of your library. You may reveal a Goblin, Swamp, or Mountain card from among them and put it into your hand. Put the rest on the bottom of your library in a random order.",{B/R}{B/R}{B/R},Creature — Goblin Scout,uncommon,33437,0.589,ECL
Eclipsed Elf,"When this creature enters, look at the top four cards of your library. You may reveal an Elf, Swamp, or Forest card from among them and put it into your hand. Put the rest on the bottom of your library in a random order.",{B/G}{B/G}{B/G},Creature — Elf Scout,uncommon,48986,0.63,ECL
Eclipsed Flamekin,"When this creature enters, look at the top four cards of your library. You may reveal an Elemental, Island, or Mountain card from among them and put it into your hand. Put the rest on the bottom of your library in a random order.",{1}{U/R}{U/R},Creature — Elemental Scout,uncommon,54394,0.599,ECL
Eclipsed Kithkin,"When this creature enters, look at the top four cards of your library. You may reveal a Kithkin, Forest, or Plains card from among them and put it into your hand. Put the rest on the bottom of your library in a random order.",{G/W}{G/W},Creature — Kithkin Scout,uncommon,42607,0.624,ECL
Eclipsed Merrow,"When this creature enters, look at the top four cards of your library. You may reveal a Merfolk, Plains, or Island card from among them and put it into your hand. Put the rest on the bottom of your library in a random order.",{W/U}{W/U}{W/U},Creature — Merfolk Scout,uncommon,48302,0.618,ECL
Emptiness,"When this creature enters, if {W}{W} was spent to cast it, return target creature card with mana value 3 or less from your graveyard to the battlefield.
When this creature enters, if {B}{B} was spent to cast it, put three -1/-1 counters on up to one target creature.
Evoke {W/B}{W/B}",{4}{W/B}{W/B},Creature — Elemental Incarnation,mythic,9364,0.568,ECL
Feisty Spikeling,"Changeling (This card is every creature type.)
During your turn, this creature has first strike.",{1}{R/W},Creature — Shapeshifter,common,63917,0.507,ECL
Figure of Fable,"{G/W}: This creature becomes a Kithkin Scout with base power and toughness 2/3.
{1}{G/W}{G/W}: If this creature is a Scout, it becomes a Kithkin Soldier with base power and toughness 4/5.
{3}{G/W}{G/W}{G/W}: If this creature is a Soldier, it becomes a Kithkin Avatar with base power and toughness 7/8 and protection from each of your opponents.",{G/W},Creature — Kithkin,rare,22551,0.636,ECL
Flaring Cinder,"When this creature enters and whenever you cast a spell with mana value 4 or greater, you may discard a card. If you do, draw a card.",{1}{U/R}{U/R},Creature — Elemental Sorcerer,common,83243,0.552,ECL
Gangly Stompling,"Changeling (This card is every creature type.)
Trample",{2}{R/G},Creature — Shapeshifter,common,78088,0.537,ECL
Glister Bairn,"Vivid — At the beginning of combat on your turn, another target creature you control gets +X/+X until end of turn, where X is the number of colors among permanents you control.",{2}{G/U}{G/U}{G/U},Creature — Ouphe,uncommon,20650,0.523,ECL
Grub's Command,"Choose two —
• Create a token that's a copy of target Goblin you control.
• Creatures target player controls get +1/+1 and gain haste until end of turn.
• Destroy target artifact or creature.
• Target player mills five cards, then puts each Goblin card milled this way into their hand.",{3}{B}{R},Kindred Sorcery — Goblin,rare,15541,0.627,ECL
High Perfect Morcant,"Whenever High Perfect Morcant or another Elf you control enters, each opponent blights 1. (They each put a -1/-1 counter on a creature they control.)
Tap three untapped Elves you control: Proliferate. Activate only as a sorcery. (Choose any number of permanents and/or players, then give each another counter of each kind already there.)",{2}{B}{G},Legendary Creature — Elf Noble,rare,17728,0.618,ECL
Hovel Hurler,"This creature enters with two -1/-1 counters on it.
{R/W}{R/W}, Remove a counter from this creature: Another target creature you control gets +1/+0 and gains flying until end of turn. Activate only as a sorcery.",{3}{R/W}{R/W},Creature — Giant Warrior,uncommon,30152,0.531,ECL
"Kirol, Attentive First-Year",Tap two untapped creatures you control: Copy target triggered ability you control. You may choose new targets for the copy. Activate only once each turn.,{1}{R/W}{R/W},Legendary Creature — Vampire Cleric,rare,15899,0.527,ECL
"Lluwen, Imperfect Naturalist","When Lluwen enters, mill four cards, then you may put a creature or land card from among the milled cards on top of your library.
{2}{B/G}{B/G}{B/G}, {T}, Discard a land card: Create a 1/1 black and green Worm creature token for each land card in your graveyard.",{B/G}{B/G},Legendary Creature — Elf Druid,rare,18436,0.588,ECL
"Maralen, Fae Ascendant","Flying
Whenever Maralen or another Elf or Faerie you control enters, exile the top two cards of target opponent's library.
Once each turn, you may cast a spell with mana value less than or equal to the number of Elves and Faeries you control from among cards exiled with Maralen this turn without paying its mana cost.",{2}{B}{G}{U},Legendary Creature — Elf Faerie Noble,rare,16770,0.604,ECL
Merrow Skyswimmer,"Convoke (Your creatures can help cast this spell. Each creature you tap while casting this spell pays for {1} or one mana of that creature's color.)
Flying, vigilance
When this creature enters, create a 1/1 white and blue Merfolk creature token.",{3}{W/U}{W/U},Creature — Merfolk Soldier,common,117640,0.571,ECL
Mischievous Sneakling,"Changeling (This card is every creature type.)
Flash",{1}{U/B},Creature — Shapeshifter,common,93442,0.524,ECL
Morcant's Loyalist,"Other Elves you control get +1/+1.
When this creature dies, return another target Elf card from your graveyard to your hand.",{1}{B}{G},Creature — Elf Warrior,uncommon,46709,0.613,ECL
Noggle Robber,"When this creature enters or dies, create a Treasure token. (It's an artifact with ""{T}, Sacrifice this token: Add one mana of any color."")",{1}{R/G}{R/G},Creature — Noggle Rogue,uncommon,46800,0.573,ECL
Prideful Feastling,"Changeling (This card is every creature type.)
Lifelink",{2}{W/B},Creature — Shapeshifter,common,76024,0.529,ECL
Reaping Willow,"Lifelink
This creature enters with two -1/-1 counters on it.
{1}{W/B}, Remove two counters from this creature: Return target creature card with mana value 3 or less from your graveyard to the battlefield. Activate only as a sorcery.",{1}{W/B}{W/B}{W/B},Creature — Treefolk Cleric,uncommon,36568,0.569,ECL
"Sanar, Innovative First-Year","Vivid — At the beginning of your first main phase, reveal cards from the top of your library until you reveal X nonland cards, where X is the number of colors among permanents you control. For each of those colors, you may exile a card of that color from among the revealed cards. Then shuffle. You may cast the exiled cards this turn.",{2}{U/R}{U/R},Legendary Creature — Goblin Sorcerer,rare,24754,0.604,ECL
Shadow Urchin,"Whenever this creature attacks, blight 1. (Put a -1/-1 counter on a creature you control.)
Whenever a creature you control with one or more counters on it dies, exile that many cards from the top of your library. Until your next end step, you may play those cards.",{2}{B/R},Creature — Ouphe,rare,14796,0.537,ECL
Stoic Grove-Guide,"{1}{B/G}, Exile this card from your graveyard: Create a 2/2 black and green Elf creature token. Activate only as a sorcery.",{4}{B/G},Creature — Elf Druid,common,59912,0.526,ECL
Sygg's Command,"Choose two —
• Create a token that's a copy of target Merfolk you control.
• Creatures target player controls gain lifelink until end of turn.
• Target player draws a card.
• Tap target creature. Put a stun counter on it.",{1}{W}{U},Kindred Sorcery — Merfolk,rare,15241,0.587,ECL
"Tam, Mindful First-Year","Each other creature you control has hexproof from each of its colors.
{T}: Target creature you control becomes all colors until end of turn.",{1}{G/U},Legendary Creature — Gorgon Wizard,rare,17620,0.537,ECL
Thoughtweft Lieutenant,"Whenever this creature or another Kithkin you control enters, target creature you control gets +1/+1 and gains trample until end of turn.",{G}{W},Creature — Kithkin Soldier,uncommon,34101,0.588,ECL
Trystan's Command,"Choose two —
• Create a token that's a copy of target Elf you control.
• Return one or two target permanent cards from your graveyard to your hand.
• Destroy target creature or enchantment.
• Creatures target player controls get +3/+3 until end of turn. Untap them.",{4}{B}{G},Kindred Sorcery — Elf,rare,20682,0.637,ECL
Twinflame Travelers,"Flying
If a triggered ability of another Elemental you control triggers, it triggers an additional time.",{2}{U}{R},Creature — Elemental Sorcerer,uncommon,46400,0.572,ECL
Vibrance,"When this creature enters, if {R}{R} was spent to cast it, this creature deals 3 damage to any target.
When this creature enters, if {G}{G} was spent to cast it, search your library for a land card, reveal it, put it into your hand, then shuffle. You gain 2 life.
Evoke {R/G}{R/G}",{3}{R/G}{R/G},Creature — Elemental Incarnation,mythic,11435,0.615,ECL
Voracious Tome-Skimmer,"Flying
Whenever you cast a spell during an opponent's turn, you may pay 1 life. If you do, draw a card.",{U/B}{U/B}{U/B},Creature — Faerie Rogue,uncommon,14721,0.529,ECL
Wary Farmer,"At the beginning of your end step, if another creature entered the battlefield under your control this turn, surveil 1. (Look at the top card of your library. You may put it into your graveyard.)",{1}{G/W}{G/W},Creature — Kithkin Citizen,common,76473,0.548,ECL
Wistfulness,"When this creature enters, if {G}{G} was spent to cast it, exile target artifact or enchantment an opponent controls.
When this creature enters, if {U}{U} was spent to cast it, draw two cards, then discard a card.
Evoke {G/U}{G/U} (You may cast this spell for its evoke cost. If you do, it's sacrificed when it enters.)",{3}{G/U}{G/U},Creature — Elemental Incarnation,mythic,11576,0.607,ECL
Chronicle of Victory,"As Chronicle of Victory enters, choose a creature type.
Creatures you control of the chosen type get +2/+2 and have first strike and trample.
Whenever you cast a spell of the chosen type, draw a card.",{6},Legendary Artifact,mythic,12786,0.623,ECL
Dawn-Blessed Pennant,"As this artifact enters, choose Elemental, Elf, Faerie, Giant, Goblin, Kithkin, Merfolk, or Treefolk.
Whenever a permanent you control of the chosen type enters, you gain 1 life.
{2}, {T}, Sacrifice this artifact: Return target card of the chosen type from your graveyard to your hand.",{1},Artifact,uncommon,21886,0.538,ECL
Firdoch Core,"Changeling (This card is every creature type.)
{T}: Add one mana of any color.
{4}: This artifact becomes a 4/4 artifact creature until end of turn.",{3},Kindred Artifact — Shapeshifter,common,27039,0.508,ECL
Foraging Wickermaw,"When this creature enters, surveil 1. (Look at the top card of your library. You may put it into your graveyard.)
{1}: Add one mana of any color. This creature becomes that color until end of turn. Activate only once each turn.",{2},Artifact Creature — Scarecrow,common,83645,0.536,ECL
Gathering Stone,"As this artifact enters, choose a creature type.
Spells you cast of the chosen type cost {1} less to cast.
When this artifact enters and at the beginning of your upkeep, look at the top card of your library. If it's a card of the chosen type, you may reveal it and put it into your hand. If you don't put the card into your hand, you may put it into your graveyard.",{4},Artifact,uncommon,54278,0.583,ECL
Mirrormind Crown,"As long as this Equipment is attached to a creature, the first time you would create one or more tokens each turn, you may instead create that many tokens that are copies of equipped creature.
Equip {2}",{4},Artifact — Equipment,rare,744,0.394,ECL
Puca's Eye,"When this artifact enters, draw a card, then choose a color. This artifact becomes the chosen color.
{3}, {T}: Draw a card. Activate only if there are five colors among permanents you control.",{2},Artifact,uncommon,12485,0.546,ECL
Springleaf Drum,"{T}, Tap an untapped creature you control: Add one mana of any color.",{1},Artifact,uncommon,8848,0.5,ECL
Stalactite Dagger,"When this Equipment enters, create a 1/1 colorless Shapeshifter creature token with changeling. (It's every creature type.)
Equipped creature gets +1/+1 and is all creature types.
Equip {2} ({2}: Attach to target creature you control. Equip only as a sorcery.)",{2},Artifact — Equipment,common,22496,0.513,ECL
Blood Crypt,"({T}: Add {B} or {R}.)
As this land enters, you may pay 2 life. If you don't, it enters tapped.",,Land — Swamp Mountain,rare,8910,0.524,ECL
Eclipsed Realms,"As this land enters, choose Elemental, Elf, Faerie, Giant, Goblin, Kithkin, Merfolk, or Treefolk.
{T}: Add {C}.
{T}: Add one mana of any color. Spend this mana only to cast a spell of the chosen type or activate an ability of a source of the chosen type.",,Land,uncommon,23580,0.537,ECL
Evolving Wilds,"{T}, Sacrifice this land: Search your library for a basic land card, put it onto the battlefield tapped, then shuffle.",,Land,common,128949,0.545,ECL
Hallowed Fountain,"({T}: Add {W} or {U}.)
As this land enters, you may pay 2 life. If you don't, it enters tapped.",,Land — Plains Island,rare,11227,0.529,ECL
Overgrown Tomb,"({T}: Add {B} or {G}.)
As this land enters, you may pay 2 life. If you don't, it enters tapped.",,Land — Swamp Forest,rare,11292,0.542,ECL
Steam Vents,"({T}: Add {U} or {R}.)
As this land enters, you may pay 2 life. If you don't, it enters tapped.",,Land — Island Mountain,rare,12138,0.531,ECL
Temple Garden,"({T}: Add {G} or {W}.)
As this land enters, you may pay 2 life. If you don't, it enters tapped.",,Land — Forest Plains,rare,9849,0.527,ECL
"Ashling, Rekindled // Ashling, Rimebound","Whenever this creature enters or transforms into Ashling, Rekindled, you may discard a card. If you do, draw a card.
At the beginning of your first main phase, you may pay {U}. If you do, transform Ashling.
Whenever this creature transforms into Ashling, Rimebound and at the beginning of your first main phase, add two mana of any one color. Spend this mana only to cast spells with mana value 4 or greater.
At the beginning of your first main phase, you may pay {R}. If you do, transform Ashling.",{1}{R},Legendary Creature — Elemental Sorcerer,rare,19268,0.605,ECL
Blood Crypt // Blood Crypt,"({T}: Add {B} or {R}.)
As this land enters, you may pay 2 life. If you don't, it enters tapped.
({T}: Add {B} or {R}.)
As this land enters, you may pay 2 life. If you don't, it enters tapped.",,Land — Swamp Mountain,rare,8910,0.524,ECL
"Brigid, Clachan's Heart // Brigid, Doun's Mind","Whenever this creature enters or transforms into Brigid, Clachan's Heart, create a 1/1 green and white Kithkin creature token.
At the beginning of your first main phase, you may pay {G}. If you do, transform Brigid.
{T}: Add X {G} or X {W}, where X is the number of other creatures you control.
At the beginning of your first main phase, you may pay {W}. If you do, transform Brigid.",{2}{W},Legendary Creature — Kithkin Warrior,rare,16987,0.609,ECL
"Eirdu, Carrier of Dawn // Isilu, Carrier of Twilight","Flying, lifelink
Creature spells you cast have convoke. (Your creatures can help cast those spells. Each creature you tap while casting a creature spell pays for {1} or one mana of that creature's color.)
At the beginning of your first main phase, you may pay {B}. If you do, transform Eirdu.
Flying, lifelink
Each other nontoken creature you control has persist. (When it dies, if it had no -1/-1 counters on it, return it to the battlefield under its owner's control with a -1/-1 counter on it.)
At the beginning of your first main phase, you may pay {W}. If you do, transform Isilu.",{3}{W}{W},Legendary Creature — Elemental God,mythic,10332,0.611,ECL
"Grub, Storied Matriarch // Grub, Notorious Auntie","Menace
Whenever this creature enters or transforms into Grub, Storied Matriarch, return up to one target Goblin card from your graveyard to your hand.
At the beginning of your first main phase, you may pay {R}. If you do, transform Grub.
Menace
Whenever Grub attacks, you may blight 1. If you do, create a tapped and attacking token that's a copy of the blighted creature, except it has ""At the beginning of the end step, sacrifice this token.""
At the beginning of your first main phase, you may pay {B}. If you do, transform Grub.",{2}{B},Legendary Creature — Goblin Warlock,rare,12435,0.578,ECL
Hallowed Fountain // Hallowed Fountain,"({T}: Add {W} or {U}.)
As this land enters, you may pay 2 life. If you don't, it enters tapped.
({T}: Add {W} or {U}.)
As this land enters, you may pay 2 life. If you don't, it enters tapped.",,Land — Plains Island,rare,11227,0.529,ECL
"Oko, Lorwyn Liege // Oko, Shadowmoor Scion","At the beginning of your first main phase, you may pay {G}. If you do, transform Oko.
[+2]: Up to one target creature gains all creature types. (This effect doesn't end.)
[+1]: Target creature gets -2/-0 until your next turn.
At the beginning of your first main phase, you may pay {U}. If you do, transform Oko.
[−1]: Mill three cards. You may put a permanent card from among them into your hand.
[−3]: Create two 3/3 green Elk creature tokens.
[−6]: Choose a creature type. You get an emblem with ""Creatures you control of the chosen type get +3/+3 and have vigilance and hexproof.""",{2}{U},Legendary Planeswalker — Oko,mythic,9608,0.564,ECL
Overgrown Tomb // Overgrown Tomb,"({T}: Add {B} or {G}.)
As this land enters, you may pay 2 life. If you don't, it enters tapped.
({T}: Add {B} or {G}.)
As this land enters, you may pay 2 life. If you don't, it enters tapped.",,Land — Swamp Forest,rare,11292,0.542,ECL
Steam Vents // Steam Vents,"({T}: Add {U} or {R}.)
As this land enters, you may pay 2 life. If you don't, it enters tapped.
({T}: Add {U} or {R}.)
As this land enters, you may pay 2 life. If you don't, it enters tapped.",,Land — Island Mountain,rare,12138,0.531,ECL
"Sygg, Wanderwine Wisdom // Sygg, Wanderbrine Shield","Sygg can't be blocked.
Whenever this creature enters or transforms into Sygg, Wanderwine Wisdom, target creature gains ""Whenever this creature deals combat damage to a player or planeswalker, draw a card"" until end of turn.
At the beginning of your first main phase, you may pay {W}. If you do, transform Sygg.
Sygg can't be blocked.
Whenever this creature transforms into Sygg, Wanderbrine Shield, target creature you control gains protection from each color until your next turn.
At the beginning of your first main phase, you may pay {U}. If you do, transform Sygg.",{1}{U},Legendary Creature — Merfolk Wizard,rare,20484,0.606,ECL
Temple Garden // Temple Garden,"({T}: Add {G} or {W}.)
As this land enters, you may pay 2 life. If you don't, it enters tapped.
({T}: Add {G} or {W}.)
As this land enters, you may pay 2 life. If you don't, it enters tapped.",,Land — Forest Plains,rare,9849,0.527,ECL
"Trystan, Callous Cultivator // Trystan, Penitent Culler","Deathtouch
Whenever this creature enters or transforms into Trystan, Callous Cultivator, mill three cards. Then if there is an Elf card in your graveyard, you gain 2 life.
At the beginning of your first main phase, you may pay {B}. If you do, transform Trystan.
Deathtouch
Whenever this creature transforms into Trystan, Penitent Culler, mill three cards, then you may exile an Elf card from your graveyard. If you do, each opponent loses 2 life.
At the beginning of your first main phase, you may pay {G}. If you do, transform Trystan.",{2}{G},Legendary Creature — Elf Druid,rare,18474,0.606,ECL
Sire of Seven Deaths,"Reach, first strike
Vigilance, menace
Trample, lifelink
Ward—Pay 7 life.",{7},Creature — Eldrazi,mythic,5073,0.637,FDN
"Arahbo, the First Fang","Other Cats you control get +1/+1.
Whenever Arahbo or another nontoken Cat you control enters, create a 1/1 white Cat creature token.",{2}{W},Legendary Creature — Cat Avatar,rare,4444,0.628,FDN
Armasaur Guide,"Vigilance (Attacking doesn't cause this creature to tap.)
Whenever you attack with three or more creatures, put a +1/+1 counter on target creature you control.",{4}{W},Creature — Dinosaur,common,7626,0.522,FDN
Cat Collector,"When this creature enters, create a Food token. (It's an artifact with ""{2}, {T}, Sacrifice this token: You gain 3 life."")
Whenever you gain life for the first time during each of your turns, create a 1/1 white Cat creature token.",{2}{W},Creature — Human Citizen,uncommon,16531,0.595,FDN
Celestial Armor,"Flash (You may cast this spell any time you could cast an instant.)
When this Equipment enters, attach it to target creature you control. That creature gains hexproof and indestructible until end of turn.
Equipped creature gets +2/+0 and has flying.
Equip {3}{W} ({3}{W}: Attach to target creature you control. Equip only as a sorcery.)",{2}{W},Artifact — Equipment,rare,5221,0.625,FDN
Claws Out,"Affinity for Cats (This spell costs {1} less to cast for each Cat you control.)
Creatures you control get +2/+2 until end of turn.",{3}{W}{W},Instant,uncommon,4571,0.538,FDN
Crystal Barricade,"Defender (This creature can't attack.)
You have hexproof. (You can't be the target of spells or abilities your opponents control.)
Prevent all noncombat damage that would be dealt to other creatures you control.",{1}{W},Artifact Creature — Wall,rare,881,0.459,FDN
Dauntless Veteran,"Whenever this creature attacks, creatures you control get +1/+1 until end of turn.",{1}{W}{W},Creature — Human Soldier,uncommon,5439,0.524,FDN
Dazzling Angel,"Flying
Whenever another creature you control enters, you gain 1 life.",{2}{W},Creature — Angel,common,38477,0.585,FDN
Divine Resilience,"Kicker {2}{W} (You may pay an additional {2}{W} as you cast this spell.)
Target creature you control gains indestructible until end of turn. If this spell was kicked, instead any number of target creatures you control gain indestructible until end of turn. (Damage and effects that say ""destroy"" don't destroy them.)",{W},Instant,uncommon,5532,0.51,FDN
Exemplar of Light,"Flying
Whenever you gain life, put a +1/+1 counter on this creature.
Whenever you put one or more +1/+1 counters on this creature, draw a card. This ability triggers only once each turn.",{2}{W}{W},Creature — Angel,rare,5304,0.596,FDN
Felidar Savior,"Lifelink (Damage dealt by this creature also causes you to gain that much life.)
When this creature enters, put a +1/+1 counter on each of up to two other target creatures you control.",{3}{W},Creature — Cat Beast,common,24520,0.594,FDN
Fleeting Flight,Put a +1/+1 counter on target creature. It gains flying until end of turn. Prevent all combat damage that would be dealt to it this turn.,{W},Instant,common,22990,0.576,FDN
Guarded Heir,"Lifelink (Damage dealt by this creature also causes you to gain that much life.)
When this creature enters, create two 3/3 white Knight creature tokens.",{5}{W},Creature — Human Noble,uncommon,14082,0.582,FDN
Hare Apparent,"When this creature enters, create a number of 1/1 white Rabbit creature tokens equal to the number of other creatures you control named Hare Apparent.
A deck can have any number of cards named Hare Apparent.",{1}{W},Creature — Rabbit Noble,common,5259,0.512,FDN
Helpful Hunter,"When this creature enters, draw a card.",{1}{W},Creature — Cat,common,30201,0.584,FDN
Herald of Eternal Dawn,"Flash (You may cast this spell any time you could cast an instant.)
Flying
You can't lose the game and your opponents can't win the game.",{4}{W}{W}{W},Creature — Angel,mythic,2011,0.587,FDN
Inspiring Paladin,"During your turn, this creature has first strike. (It deals combat damage before creatures without first strike.)
During your turn, creatures you control with +1/+1 counters on them have first strike.",{2}{W},Creature — Human Knight,common,15603,0.553,FDN
Joust Through,Joust Through deals 3 damage to target attacking or blocking creature. You gain 1 life.,{W},Instant,uncommon,12170,0.579,FDN
Luminous Rebuke,"This spell costs {3} less to cast if it targets a tapped creature.
Destroy target creature.",{4}{W},Instant,common,32979,0.585,FDN
Prideful Parent,"Vigilance (Attacking doesn't cause this creature to tap.)
When this creature enters, create a 1/1 white Cat creature token.",{2}{W},Creature — Cat,common,18350,0.559,FDN
Skyknight Squire,"Whenever another creature you control enters, put a +1/+1 counter on this creature.
As long as this creature has three or more +1/+1 counters on it, it has flying and is a Knight in addition to its other types.",{1}{W},Creature — Cat Scout,rare,4760,0.581,FDN
Squad Rallier,{2}{W}: Look at the top four cards of your library. You may reveal a creature card with power 2 or less from among them and put it into your hand. Put the rest on the bottom of your library in a random order.,{3}{W},Creature — Human Scout,common,24926,0.566,FDN
Sun-Blessed Healer,"Kicker {1}{W} (You may pay an additional {1}{W} as you cast this spell.)
Lifelink (Damage dealt by this creature also causes you to gain that much life.)
When this creature enters, if it was kicked, return target nonland permanent card with mana value 2 or less from your graveyard to the battlefield.",{1}{W},Creature — Human Cleric,uncommon,13502,0.583,FDN
Twinblade Blessing,"Flash (You may cast this spell any time you could cast an instant.)
Enchant creature
Enchanted creature has double strike. (It deals both first-strike and regular combat damage.)",{1}{W}{W},Enchantment — Aura,uncommon,3121,0.479,FDN
Valkyrie's Call,"Whenever a nontoken, non-Angel creature you control dies, return that card to the battlefield under its owner's control with a +1/+1 counter on it. It has flying and is an Angel in addition to its other types.",{3}{W}{W},Enchantment,mythic,2921,0.586,FDN
Vanguard Seraph,"Flying
Whenever you gain life for the first time each turn, surveil 1. (Look at the top card of your library. You may put it into your graveyard.)",{3}{W},Creature — Angel Warrior,common,20036,0.551,FDN
Arcane Epiphany,"This spell costs {1} less to cast if you control a Wizard.
Draw three cards.",{3}{U}{U},Instant,uncommon,22044,0.585,FDN
Archmage of Runes,"Instant and sorcery spells you cast cost {1} less to cast.
Whenever you cast an instant or sorcery spell, draw a card.",{3}{U}{U},Creature — Giant Wizard,rare,5249,0.581,FDN
Bigfin Bouncer,"When this creature enters, return target creature an opponent controls to its owner's hand.",{3}{U},Creature — Shark Pirate,common,66433,0.608,FDN
Cephalid Inkmage,"When this creature enters, surveil 3. (Look at the top three cards of your library, then put any number of them into your graveyard and the rest on top of your library in any order.)
Threshold — This creature can't be blocked as long as there are seven or more cards in your graveyard.",{2}{U},Creature — Octopus Wizard,uncommon,10295,0.552,FDN
Clinquant Skymage,"Flying
Whenever you draw a card, put a +1/+1 counter on this creature.",{3}{U},Creature — Bird Wizard,uncommon,16778,0.528,FDN
Curator of Destinies,"This spell can't be countered.
Flying
When this creature enters, look at the top five cards of your library and separate them into a face-down pile and a face-up pile. An opponent chooses one of those piles. Put that pile into your hand and the other into your graveyard.",{4}{U}{U},Creature — Sphinx,rare,7040,0.638,FDN
Drake Hatcher,"Vigilance, prowess (Whenever you cast a noncreature spell, this creature gets +1/+1 until end of turn.)
Whenever this creature deals combat damage to a player, put that many incubation counters on it.
Remove three incubation counters from this creature: Create a 2/2 blue Drake creature token with flying.",{1}{U},Creature — Human Wizard,rare,5617,0.594,FDN
Elementalist Adept,"Flash (You may cast this spell any time you could cast an instant.)
Prowess (Whenever you cast a noncreature spell, this creature gets +1/+1 until end of turn.)",{1}{U},Creature — Human Wizard,common,35407,0.553,FDN
Erudite Wizard,"Whenever you draw your second card each turn, put a +1/+1 counter on this creature.",{2}{U},Creature — Human Wizard,common,35426,0.548,FDN
Faebloom Trick,"Create two 1/1 blue Faerie creature tokens with flying. When you do, tap target creature an opponent controls.",{2}{U},Instant,uncommon,30965,0.617,FDN
Grappling Kraken,"Landfall — Whenever a land you control enters, tap target creature an opponent controls and put a stun counter on it. (If a permanent with a stun counter would become untapped, remove one from it instead.)",{4}{U}{U},Creature — Kraken,uncommon,9169,0.549,FDN
High Fae Trickster,"Flash (You may cast this spell any time you could cast an instant.)
Flying
You may cast spells as though they had flash.",{3}{U},Creature — Faerie Wizard,rare,5218,0.576,FDN
Homunculus Horde,"Whenever you draw your second card each turn, create a token that's a copy of this creature.",{3}{U},Creature — Homunculus,rare,4649,0.551,FDN
Icewind Elemental,"Flying
When this creature enters, draw a card, then discard a card.",{4}{U},Creature — Elemental,common,43773,0.565,FDN
Inspiration from Beyond,"Mill three cards, then return an instant or sorcery card from your graveyard to your hand.
Flashback {5}{U}{U} (You may cast this card from your graveyard for its flashback cost. Then exile it.)",{2}{U},Sorcery,uncommon,4548,0.54,FDN
"Kaito, Cunning Infiltrator","Whenever a creature you control deals combat damage to a player, put a loyalty counter on Kaito.
[+1]: Up to one target creature you control can't be blocked this turn. Draw a card, then discard a card.
[−2]: Create a 2/1 blue Ninja creature token.
[−9]: You get an emblem with ""Whenever a player casts a spell, you create a 2/1 blue Ninja creature token.""",{1}{U}{U},Legendary Planeswalker — Kaito,mythic,3735,0.606,FDN
"Kiora, the Rising Tide","When Kiora enters, draw two cards, then discard two cards.
Threshold — Whenever Kiora attacks, if there are seven or more cards in your graveyard, you may create Scion of the Deep, a legendary 8/8 blue Octopus creature token.",{2}{U},Legendary Creature — Merfolk Noble,rare,7785,0.632,FDN
Lunar Insight,Draw a card for each different mana value among nonland permanents you control.,{2}{U},Sorcery,rare,965,0.534,FDN
Mischievous Mystic,"Flying
Whenever you draw your second card each turn, create a 1/1 blue Faerie creature token with flying.",{1}{U},Creature — Human Wizard,uncommon,33541,0.638,FDN
Refute,"Counter target spell. Draw a card, then discard a card.",{1}{U}{U},Instant,common,95648,0.601,FDN
Rune-Sealed Wall,"Defender
{T}: Surveil 1. (Look at the top card of your library. You may put it into your graveyard.)",{2}{U},Artifact Creature — Wall,uncommon,12719,0.527,FDN
Skyship Buccaneer,"Flying
Raid — When this creature enters, if you attacked this turn, draw a card.",{3}{U}{U},Creature — Human Pirate,uncommon,21424,0.595,FDN
Sphinx of Forgotten Lore,"Flash (You may cast this spell any time you could cast an instant.)
Flying
Whenever this creature attacks, target instant or sorcery card in your graveyard gains flashback until end of turn. The flashback cost is equal to that card's mana cost. (You may cast that card from your graveyard for its flashback cost. Then exile it.)",{2}{U}{U},Creature — Sphinx,mythic,3366,0.611,FDN
Strix Lookout,"Flying, vigilance (Attacking doesn't cause this creature to tap.)
{1}{U}, {T}: Draw a card, then discard a card.",{1}{U},Creature — Bird,common,93230,0.576,FDN
Uncharted Voyage,"Target creature's owner puts it on their choice of the top or bottom of their library.
Surveil 1. (Look at the top card of your library. You may put it into your graveyard.)",{3}{U},Instant,common,27587,0.602,FDN
Abyssal Harvester,"{T}: Exile target creature card from a graveyard that was put there this turn. Create a token that's a copy of it, except it's a Nightmare in addition to its other types. Then exile all other Nightmare tokens you control.",{1}{B}{B},Creature — Demon Warlock,rare,5002,0.592,FDN
Arbiter of Woe,"As an additional cost to cast this spell, sacrifice a creature.
Flying
When this creature enters, each opponent discards a card and loses 2 life. You draw a card and gain 2 life.",{4}{B}{B},Creature — Demon,uncommon,22137,0.611,FDN
Billowing Shriekmass,"Flying
When this creature enters, mill three cards. (Put the top three cards of your library into your graveyard.)
Threshold — This creature gets +2/+1 as long as there are seven or more cards in your graveyard.",{3}{B},Creature — Spirit,uncommon,14121,0.568,FDN
Blasphemous Edict,"You may pay {B} rather than pay this spell's mana cost if there are thirteen or more creatures on the battlefield.
Each player sacrifices thirteen creatures of their choice.",{3}{B}{B},Sorcery,rare,5360,0.605,FDN
Bloodthirsty Conqueror,"Flying, deathtouch
Whenever an opponent loses life, you gain that much life. (Damage causes loss of life.)",{3}{B}{B},Creature — Vampire Knight,mythic,3973,0.632,FDN
Crypt Feaster,"Menace (This creature can't be blocked except by two or more creatures.)
Threshold — Whenever this creature attacks, if there are seven or more cards in your graveyard, this creature gets +2/+0 until end of turn.",{3}{B},Creature — Zombie,common,5347,0.514,FDN
Gutless Plunderer,"Deathtouch (Any amount of damage this deals to a creature is enough to destroy it.)
Raid — When this creature enters, if you attacked this turn, look at the top three cards of your library. You may put one of those cards back on top of your library. Put the rest into your graveyard.",{2}{B},Creature — Skeleton Pirate,common,53224,0.571,FDN
High-Society Hunter,"Flying
Whenever this creature attacks, you may sacrifice another creature. If you do, put a +1/+1 counter on this creature.
Whenever another nontoken creature dies, draw a card.",{3}{B}{B},Creature — Vampire Noble,rare,6893,0.608,FDN
Hungry Ghoul,"{1}, Sacrifice another creature: Put a +1/+1 counter on this creature.",{1}{B},Creature — Zombie,common,51949,0.58,FDN
Infernal Vessel,"When this creature dies, if it wasn't a Demon, return it to the battlefield under its owner's control with two +1/+1 counters on it. It's a Demon in addition to its other types.",{2}{B},Creature — Human Cleric,uncommon,23462,0.602,FDN
Infestation Sage,"When this creature dies, create a 1/1 black and green Insect creature token with flying.",{B},Creature — Elf Warlock,common,57378,0.588,FDN
Midnight Snack,"Raid — At the beginning of your end step, if you attacked this turn, create a Food token. (It's an artifact with ""{2}, {T}, Sacrifice this token: You gain 3 life."")
{2}{B}, Sacrifice this enchantment: Target opponent loses X life, where X is the amount of life you gained this turn.",{2}{B},Enchantment,uncommon,3689,0.506,FDN
Nine-Lives Familiar,"This creature enters with eight revival counters on it if you cast it.
When this creature dies, if it had a revival counter on it, return it to the battlefield with one fewer revival counter on it at the beginning of the next end step.",{1}{B}{B},Creature — Cat,rare,2547,0.536,FDN
Revenge of the Rats,"Create a tapped 1/1 black Rat creature token for each creature card in your graveyard.
Flashback {2}{B}{B} (You may cast this card from your graveyard for its flashback cost. Then exile it.)",{2}{B}{B},Sorcery,uncommon,4106,0.529,FDN
Sanguine Syphoner,"Whenever this creature attacks, each opponent loses 1 life and you gain 1 life.",{1}{B},Creature — Vampire Warlock,common,36832,0.559,FDN
Seeker's Folly,"Choose one —
• Target opponent discards two cards.
• Creatures your opponents control get -1/-1 until end of turn.",{2}{B},Sorcery,uncommon,19550,0.58,FDN
Soul-Shackled Zombie,"When this creature enters, exile up to two target cards from a single graveyard. If at least one creature card was exiled this way, each opponent loses 2 life and you gain 2 life.",{3}{B},Creature — Zombie,common,46175,0.585,FDN
Stab,Target creature gets -2/-2 until end of turn.,{B},Instant,common,60279,0.608,FDN
"Tinybones, Bauble Burglar","Whenever an opponent discards a card, exile it from their graveyard with a stash counter on it.
During your turn, you may play cards you don't own with stash counters on them from exile, and mana of any type can be spent to cast those spells.
{3}{B}, {T}: Each opponent discards a card. Activate only as a sorcery.",{1}{B},Legendary Creature — Skeleton Rogue,rare,4771,0.605,FDN
Tragic Banshee,"Morbid — When this creature enters, target creature an opponent controls gets -1/-1 until end of turn. If a creature died this turn, that creature gets -13/-13 until end of turn instead.",{4}{B},Creature — Spirit,uncommon,23326,0.608,FDN
Vampire Gourmand,"Whenever this creature attacks, you may sacrifice another creature. If you do, draw a card and this creature can't be blocked this turn.",{1}{B},Creature — Vampire,uncommon,20223,0.616,FDN
Vampire Soulcaller,"Flying
This creature can't block.
When this creature enters, return target creature card from your graveyard to your hand.",{4}{B},Creature — Vampire Warlock,common,35254,0.564,FDN
Vengeful Bloodwitch,"Whenever this creature or another creature you control dies, target opponent loses 1 life and you gain 1 life.",{1}{B},Creature — Vampire Warlock,uncommon,14279,0.569,FDN
"Zul Ashur, Lich Lord","Ward—Pay 2 life. (Whenever this creature becomes the target of a spell or ability an opponent controls, counter it unless that player pays 2 life.)
{T}: You may cast target Zombie creature card from your graveyard this turn.",{1}{B},Legendary Creature — Zombie Warlock,rare,1846,0.593,FDN
Battlesong Berserker,"Whenever you attack, target creature you control gets +1/+0 and gains menace until end of turn. (It can't be blocked except by two or more creatures.)",{3}{R},Creature — Human Berserker,uncommon,6924,0.594,FDN
Boltwave,Boltwave deals 3 damage to each opponent.,{R},Sorcery,uncommon,2739,0.474,FDN
Bulk Up,"Double target creature's power until end of turn.
Flashback {4}{R}{R} (You may cast this card from your graveyard for its flashback cost. Then exile it.)",{1}{R},Instant,uncommon,2939,0.514,FDN
"Chandra, Flameshaper","[+2]: Add {R}{R}{R}. Exile the top three cards of your library. Choose one. You may play that card this turn.
[+1]: Create a token that's a copy of target creature you control, except it has haste and ""At the beginning of the end step, sacrifice this token.""
[−4]: Chandra deals 8 damage divided as you choose among any number of target creatures and/or planeswalkers.",{5}{R}{R},Legendary Planeswalker — Chandra,mythic,2552,0.663,FDN
Courageous Goblin,"Whenever this creature attacks while you control a creature with power 4 or greater, this creature gets +1/+0 and gains menace until end of turn. (It can't be blocked except by two or more creatures.)",{1}{R},Creature — Goblin,common,9259,0.567,FDN
Crackling Cyclops,"Whenever you cast a noncreature spell, this creature gets +3/+0 until end of turn.",{2}{R},Creature — Cyclops Wizard,common,3142,0.49,FDN
Dragon Trainer,"When this creature enters, create a 4/4 red Dragon creature token with flying.",{3}{R}{R},Creature — Human,uncommon,10739,0.578,FDN
Fiery Annihilation,"Fiery Annihilation deals 5 damage to target creature. Exile up to one target Equipment attached to that creature. If that creature would die this turn, exile it instead.",{2}{R},Instant,uncommon,11674,0.61,FDN
Goblin Boarders,Raid — This creature enters with a +1/+1 counter on it if you attacked this turn.,{2}{R},Creature — Goblin Pirate,common,22048,0.557,FDN
Goblin Negotiation,Goblin Negotiation deals X damage to target creature. Create a number of 1/1 red Goblin creature tokens equal to the amount of excess damage dealt to that creature this way.,{X}{R}{R},Sorcery,uncommon,4885,0.54,FDN
Gorehorn Raider,"Raid — When this creature enters, if you attacked this turn, this creature deals 2 damage to any target.",{4}{R},Creature — Minotaur Pirate,common,12593,0.592,FDN
Incinerating Blast,"Incinerating Blast deals 6 damage to target creature.
You may discard a card. If you do, draw a card.",{4}{R},Sorcery,common,13571,0.534,FDN
"Kellan, Planar Trailblazer","{1}{R}: If Kellan is a Scout, it becomes a Human Faerie Detective and gains ""Whenever Kellan deals combat damage to a player, exile the top card of your library. You may play that card this turn.""
{2}{R}: If Kellan is a Detective, it becomes a 3/2 Human Faerie Rogue and gains double strike.",{R},Legendary Creature — Human Faerie Scout,rare,3372,0.604,FDN
Rite of the Dragoncaller,"Whenever you cast an instant or sorcery spell, create a 5/5 red Dragon creature token with flying.",{4}{R}{R},Enchantment,mythic,1611,0.487,FDN
Searslicer Goblin,"Raid — At the beginning of your end step, if you attacked this turn, create a 1/1 red Goblin creature token.",{1}{R},Creature — Goblin Warrior,rare,3575,0.618,FDN
Slumbering Cerberus,"This creature doesn't untap during your untap step.
Morbid — At the beginning of each end step, if a creature died this turn, untap this creature.",{1}{R},Creature — Dog,uncommon,5383,0.599,FDN
Sower of Chaos,{2}{R}: Target creature can't block this turn.,{3}{R},Creature — Devil,common,8444,0.559,FDN
Strongbox Raider,"Raid — When this creature enters, if you attacked this turn, exile the top two cards of your library. Choose one of them. Until the end of your next turn, you may play that card.",{2}{R}{R},Creature — Orc Pirate,uncommon,7402,0.581,FDN
Twinflame Tyrant,"Flying
If a source you control would deal damage to an opponent or a permanent an opponent controls, it deals double that damage instead.",{3}{R}{R},Creature — Dragon,mythic,2510,0.625,FDN
Ambush Wolf,"Flash (You may cast this spell any time you could cast an instant.)
When this creature enters, exile up to one target card from a graveyard.",{2}{G},Creature — Wolf,common,42696,0.576,FDN
Apothecary Stomper,"Vigilance (Attacking doesn't cause this creature to tap.)
When this creature enters, choose one —
• Put two +1/+1 counters on target creature you control.
• You gain 4 life.",{4}{G}{G},Creature — Elephant,common,17614,0.546,FDN
Beast-Kin Ranger,"Trample (This creature can deal excess combat damage to the player or planeswalker it's attacking.)
Whenever another creature you control enters, this creature gets +1/+0 until end of turn.",{2}{G},Creature — Elf Ranger,common,38556,0.581,FDN
Cackling Prowler,"Ward {2} (Whenever this creature becomes the target of a spell or ability an opponent controls, counter it unless that player pays {2}.)
Morbid — At the beginning of your end step, if a creature died this turn, put a +1/+1 counter on this creature.",{3}{G},Creature — Hyena Rogue,common,33096,0.565,FDN
Eager Trufflesnout,"Trample (This creature can deal excess combat damage to the player or planeswalker it's attacking.)
Whenever this creature deals combat damage to a player, create a Food token. (It's an artifact with ""{2}, {T}, Sacrifice this token: You gain 3 life."")",{2}{G},Creature — Boar,uncommon,12899,0.587,FDN
Elfsworn Giant,"Reach (This creature can block creatures with flying.)
Landfall — Whenever a land you control enters, create a 1/1 green Elf Warrior creature token.",{3}{G}{G},Creature — Giant,common,28593,0.545,FDN
Elvish Regrower,"When this creature enters, return target permanent card from your graveyard to your hand.",{2}{G}{G},Creature — Elf Druid,uncommon,14670,0.593,FDN
Felling Blow,Put a +1/+1 counter on target creature you control. Then that creature deals damage equal to its power to target creature an opponent controls.,{2}{G},Sorcery,uncommon,15065,0.615,FDN
"Loot, Exuberant Explorer","You may play an additional land on each of your turns.
{4}{G}{G}, {T}: Look at the top six cards of your library. You may reveal a creature card with mana value less than or equal to the number of lands you control from among them and put it onto the battlefield. Put the rest on the bottom in a random order.",{2}{G},Legendary Creature — Beast Noble,rare,3742,0.574,FDN
Mossborn Hydra,"Trample (This creature can deal excess combat damage to the player or planeswalker it's attacking.)
This creature enters with a +1/+1 counter on it.
Landfall — Whenever a land you control enters, double the number of +1/+1 counters on this creature.",{2}{G},Creature — Elemental Hydra,rare,4252,0.586,FDN
Needletooth Pack,"Morbid — At the beginning of your end step, if a creature died this turn, put two +1/+1 counters on target creature you control.",{3}{G}{G},Creature — Dinosaur,uncommon,9162,0.559,FDN
Preposterous Proportions,Creatures you control get +10/+10 and gain vigilance until end of turn.,{5}{G}{G},Sorcery,rare,937,0.556,FDN
Quakestrider Ceratops,,{3}{G}{G}{G},Creature — Dinosaur,uncommon,7528,0.537,FDN
Quilled Greatwurm,"Trample
Whenever a creature you control deals combat damage during your turn, put that many +1/+1 counters on it. (It must survive to get the counters.)
You may cast this card from your graveyard by removing six counters from among creatures you control in addition to paying its other costs.",{4}{G}{G},Creature — Wurm,mythic,2747,0.586,FDN
Spinner of Souls,"Reach
Whenever another nontoken creature you control dies, you may reveal cards from the top of your library until you reveal a creature card. Put that card into your hand and the rest on the bottom of your library in a random order.",{2}{G},Creature — Spider Spirit,rare,5217,0.646,FDN
Sylvan Scavenging,"At the beginning of your end step, choose one —
• Put a +1/+1 counter on target creature you control.
• Create a 3/3 green Raccoon creature token if you control a creature with power 4 or greater.",{1}{G}{G},Enchantment,rare,5150,0.65,FDN
Treetop Snarespinner,"Reach (This creature can block creatures with flying.)
Deathtouch (Any amount of damage this deals to a creature is enough to destroy it.)
{2}{G}: Put a +1/+1 counter on target creature you control. Activate only as a sorcery.",{3}{G},Creature — Spider,common,45806,0.572,FDN
"Alesha, Who Laughs at Fate","First strike
Whenever Alesha attacks, put a +1/+1 counter on it.
Raid — At the beginning of your end step, if you attacked this turn, return target creature card with mana value less than or equal to Alesha's power from your graveyard to the battlefield.",{1}{B}{R},Legendary Creature — Human Warrior,rare,4485,0.641,FDN
Anthem of Champions,Creatures you control get +1/+1.,{G}{W},Enchantment,rare,2008,0.566,FDN
Ashroot Animist,"Trample
Whenever this creature attacks, another target creature you control gains trample and gets +X/+X until end of turn, where X is this creature's power.",{2}{R}{G},Creature — Lizard Druid,rare,2768,0.602,FDN
Dreadwing Scavenger,"Flying
Whenever this creature enters or attacks, draw a card, then discard a card.
Threshold — This creature gets +1/+1 and has deathtouch as long as there are seven or more cards in your graveyard.",{1}{U}{B},Creature — Nightmare Bird,uncommon,32371,0.641,FDN
"Elenda, Saint of Dusk","Lifelink, hexproof from instants
As long as your life total is greater than your starting life total, Elenda gets +1/+1 and has menace. Elenda gets an additional +5/+5 as long as your life total is at least 10 greater than your starting life total.",{2}{W}{B},Legendary Creature — Vampire Knight,rare,5087,0.63,FDN
Fiendish Panda,"Whenever you gain life, put a +1/+1 counter on this creature.
When this creature dies, return another target non-Bear creature card with mana value less than or equal to this creature's power from your graveyard to the battlefield.",{2}{W}{B},Creature — Bear Demon,uncommon,11231,0.556,FDN
"Koma, World-Eater","This spell can't be countered.
Trample, ward {4}
Whenever Koma deals combat damage to a player, create four 3/3 blue Serpent creature tokens named Koma's Coil.",{3}{G}{G}{U}{U},Legendary Creature — Serpent,rare,5467,0.615,FDN
"Kykar, Zephyr Awakener","Flying
Whenever you cast a noncreature spell, choose one —
• Exile another target creature you control. Return that card to the battlefield under its owner's control at the beginning of the next end step.
• Create a 1/1 white Spirit creature token with flying.",{2}{W}{U},Legendary Creature — Bird Wizard,rare,4704,0.598,FDN
"Niv-Mizzet, Visionary","Flying
You have no maximum hand size.
Whenever a source you control deals noncombat damage to an opponent, you draw that many cards.",{4}{U}{R},Legendary Creature — Dragon Wizard,mythic,1273,0.474,FDN
Perforating Artist,"Deathtouch (Any amount of damage this deals to a creature is enough to destroy it.)
Raid — At the beginning of your end step, if you attacked this turn, each opponent loses 3 life unless that player sacrifices a nonland permanent of their choice or discards a card.",{1}{B}{R},Creature — Devil,uncommon,12342,0.61,FDN
Wardens of the Cycle,"Morbid — At the beginning of your end step, if a creature died this turn, choose one —
• You gain 2 life.
• You draw a card and you lose 1 life.",{1}{B}{G}{G},Creature — Elf Warlock,uncommon,10855,0.546,FDN
"Zimone, Paradox Sculptor","At the beginning of combat on your turn, put a +1/+1 counter on each of up to two target creatures you control.
{G}{U}, {T}: Double the number of each kind of counter on up to two target creatures and/or artifacts you control.",{2}{G}{U},Legendary Creature — Human Wizard,mythic,3522,0.638,FDN
Banner of Kinship,"As this artifact enters, choose a creature type. This artifact enters with a fellowship counter on it for each creature you control of the chosen type.
Creatures you control of the chosen type get +1/+1 for each fellowship counter on this artifact.",{5},Artifact,rare,1132,0.466,FDN
Fishing Pole,"Equipped creature has ""{1}, {T}, Tap Fishing Pole: Put a bait counter on Fishing Pole.""
Whenever equipped creature becomes untapped, remove a bait counter from this Equipment. If you do, create a 1/1 blue Fish creature token.
Equip {2} ({2}: Attach to target creature you control. Equip only as a sorcery.)",{1},Artifact — Equipment,uncommon,887,0.433,FDN
Leyline Axe,"If this card is in your opening hand, you may begin the game with it on the battlefield.
Equipped creature gets +1/+1 and has double strike and trample.
Equip {3} ({3}: Attach to target creature you control. Equip only as a sorcery.)",{4},Artifact — Equipment,rare,8659,0.634,FDN
Quick-Draw Katana,"During your turn, equipped creature gets +2/+0 and has first strike. (It deals combat damage before creatures without first strike.)
Equip {2} ({2}: Attach to target creature you control. Equip only as a sorcery.)",{2},Artifact — Equipment,common,7114,0.524,FDN
Ravenous Amulet,"{1}, {T}, Sacrifice a creature: Draw a card and put a soul counter on this artifact. Activate only as a sorcery.
{4}, {T}, Sacrifice this artifact: Each opponent loses life equal to the number of soul counters on this artifact.",{2},Artifact,uncommon,5957,0.527,FDN
Scrawling Crawler,"At the beginning of your upkeep, each player draws a card.
Whenever an opponent draws a card, that player loses 1 life.",{3},Artifact Creature — Phyrexian Construct,rare,7180,0.613,FDN
Soulstone Sanctuary,"{T}: Add {C}.
{4}: This land becomes a 3/3 creature with vigilance and all creature types. It's still a land.",,Land,rare,2942,0.588,FDN
"Ajani, Caller of the Pride","[+1]: Put a +1/+1 counter on up to one target creature.
[−3]: Target creature gains flying and double strike until end of turn.
[−8]: Create X 2/2 white Cat creature tokens, where X is your life total.",{1}{W}{W},Legendary Planeswalker — Ajani,mythic,2793,0.577,FDN
Ajani's Pridemate,"Whenever you gain life, put a +1/+1 counter on this creature.",{1}{W},Creature — Cat Soldier,uncommon,11966,0.561,FDN
Angel of Finality,"Flying
When this creature enters, exile target player's graveyard.",{3}{W},Creature — Angel,uncommon,12341,0.571,FDN
Authority of the Consuls,"Creatures your opponents control enter tapped.
Whenever a creature an opponent controls enters, you gain 1 life.",{W},Enchantment,rare,1861,0.509,FDN
Banishing Light,"When this enchantment enters, exile target nonland permanent an opponent controls until this enchantment leaves the battlefield.",{2}{W},Enchantment,common,34012,0.579,FDN
Cathar Commando,"Flash
{1}, Sacrifice this creature: Destroy target artifact or enchantment.",{1}{W},Creature — Human Soldier,common,18931,0.564,FDN
Day of Judgment,Destroy all creatures.,{2}{W}{W},Sorcery,rare,4445,0.597,FDN
"Giada, Font of Hope","Flying, vigilance
Each other Angel you control enters with an additional +1/+1 counter on it for each Angel you already control.
{T}: Add {W}. Spend this mana only to cast an Angel spell.",{1}{W},Legendary Creature — Angel,rare,4407,0.62,FDN
Healer's Hawk,"Flying
Lifelink (Damage dealt by this creature also causes you to gain that much life.)",{W},Creature — Bird,common,33730,0.584,FDN
Make Your Move,"Destroy target artifact, enchantment, or creature with power 4 or greater.",{2}{W},Instant,common,26776,0.557,FDN
Mischievous Pup,"Flash (You may cast this spell any time you could cast an instant.)
When this creature enters, return up to one other target permanent you control to its owner's hand.",{2}{W},Creature — Dog,uncommon,8940,0.526,FDN
Resolute Reinforcements,"Flash (You may cast this spell any time you could cast an instant.)
When this creature enters, create a 1/1 white Soldier creature token.",{1}{W},Creature — Human Soldier,uncommon,8571,0.536,FDN
Savannah Lions,,{W},Creature — Cat,uncommon,5983,0.545,FDN
Serra Angel,"Flying
Vigilance (Attacking doesn't cause this creature to tap.)",{3}{W}{W},Creature — Angel,uncommon,10889,0.558,FDN
Stroke of Midnight,Destroy target nonland permanent. Its controller creates a 1/1 white Human creature token.,{2}{W},Instant,uncommon,11593,0.526,FDN
Youthful Valkyrie,"Flying
Whenever another Angel you control enters, put a +1/+1 counter on this creature.",{1}{W},Creature — Angel,uncommon,14142,0.558,FDN
Aegis Turtle,,{U},Creature — Turtle,common,6452,0.504,FDN
Aetherize,Return all attacking creatures to their owner's hand.,{3}{U},Instant,uncommon,7612,0.524,FDN
Brineborn Cutthroat,"Flash (You may cast this spell any time you could cast an instant.)
Whenever you cast a spell during an opponent's turn, put a +1/+1 counter on this creature.",{1}{U},Creature — Merfolk Pirate,uncommon,22398,0.575,FDN
Essence Scatter,Counter target creature spell.,{1}{U},Instant,uncommon,26960,0.603,FDN
Extravagant Replication,"At the beginning of your upkeep, create a token that's a copy of another target nonland permanent you control.",{4}{U}{U},Enchantment,rare,3558,0.54,FDN
Fleeting Distraction,"Target creature gets -1/-0 until end of turn.
Draw a card.",{U},Instant,common,61404,0.569,FDN
Imprisoned in the Moon,"Enchant creature, land, or planeswalker
Enchanted permanent is a colorless land with ""{T}: Add {C}"" and loses all other card types and abilities.",{2}{U},Enchantment — Aura,uncommon,16145,0.534,FDN
Lightshell Duo,"Prowess (Whenever you cast a noncreature spell, this creature gets +1/+1 until end of turn.)
When this creature enters, surveil 2. (Look at the top two cards of your library, then put any number of them into your graveyard and the rest on top of your library in any order.)",{3}{U},Creature — Rat Otter,common,44218,0.58,FDN
Micromancer,"When this creature enters, you may search your library for an instant or sorcery card with mana value 1, reveal it, put it into your hand, then shuffle.",{3}{U},Creature — Human Wizard,uncommon,20417,0.613,FDN
Mocking Sprite,"Flying
Instant and sorcery spells you cast cost {1} less to cast.",{2}{U},Creature — Faerie Rogue,common,19848,0.525,FDN
An Offer You Can't Refuse,"Counter target noncreature spell. Its controller creates two Treasure tokens. (They're artifacts with ""{T}, Sacrifice this token: Add one mana of any color."")",{U},Instant,uncommon,1563,0.493,FDN
Run Away Together,Choose two target creatures controlled by different players. Return those creatures to their owners' hands.,{1}{U},Instant,common,20456,0.53,FDN
Self-Reflection,"Create a token that's a copy of target creature you control.
Flashback {3}{U} (You may cast this card from your graveyard for its flashback cost. Then exile it.)",{4}{U}{U},Sorcery,uncommon,7088,0.572,FDN
Spectral Sailor,"Flash (You may cast this spell any time you could cast an instant.)
Flying
{3}{U}: Draw a card.",{U},Creature — Spirit Pirate,uncommon,26152,0.604,FDN
Think Twice,"Draw a card.
Flashback {2}{U} (You may cast this card from your graveyard for its flashback cost. Then exile it.)",{1}{U},Instant,common,96842,0.587,FDN
Time Stop,"End the turn. (Exile all spells and abilities, including this spell. The player whose turn it is discards down to their maximum hand size. Damage heals and ""this turn"" and ""until end of turn"" effects end.)",{4}{U}{U},Instant,rare,1406,0.51,FDN
Tolarian Terror,"This spell costs {1} less to cast for each instant and sorcery card in your graveyard.
Ward {2} (Whenever this creature becomes the target of a spell or ability an opponent controls, counter it unless that player pays {2}.)",{6}{U},Creature — Serpent,common,29065,0.544,FDN
Witness Protection,"Enchant creature
Enchanted creature loses all abilities and is a green and white Citizen creature with base power and toughness 1/1 named Legitimate Businessperson. (It loses all other colors, card types, creature types, and names.)",{U},Enchantment — Aura,common,47528,0.554,FDN
Bake into a Pie,"Destroy target creature. Create a Food token. (It's an artifact with ""{2}, {T}, Sacrifice this token: You gain 3 life."")",{2}{B}{B},Instant,common,71040,0.605,FDN
Burglar Rat,"When this creature enters, each opponent discards a card.",{1}{B},Creature — Rat,common,63839,0.591,FDN
Diregraf Ghoul,This creature enters tapped.,{B},Creature — Zombie,uncommon,12054,0.573,FDN
Eaten Alive,"As an additional cost to cast this spell, sacrifice a creature or pay {3}{B}.
Exile target creature or planeswalker.",{B},Sorcery,common,44342,0.591,FDN
Exsanguinate,Each opponent loses X life. You gain life equal to the life lost this way.,{X}{B}{B},Sorcery,uncommon,3488,0.505,FDN
Fake Your Own Death,"Until end of turn, target creature gets +2/+0 and gains ""When this creature dies, return it to the battlefield tapped under its owner's control and you create a Treasure token."" (It's an artifact with ""{T}, Sacrifice this token: Add one mana of any color."")",{1}{B},Instant,common,49368,0.586,FDN
Hero's Downfall,Destroy target creature or planeswalker.,{1}{B}{B},Instant,uncommon,26072,0.594,FDN
"Liliana, Dreadhorde General","Whenever a creature you control dies, draw a card.
[+1]: Create a 2/2 black Zombie creature token.
[−4]: Each player sacrifices two creatures of their choice.
[−9]: Each opponent chooses a permanent they control of each permanent type and sacrifices the rest.",{4}{B}{B},Legendary Planeswalker — Liliana,mythic,4229,0.676,FDN
Macabre Waltz,"Return up to two target creature cards from your graveyard to your hand, then discard a card.",{1}{B},Sorcery,common,21844,0.537,FDN
Marauding Blight-Priest,"Whenever you gain life, each opponent loses 1 life.",{2}{B},Creature — Vampire Cleric,common,25711,0.537,FDN
Painful Quandary,"Whenever an opponent casts a spell, that player loses 5 life unless they discard a card.",{3}{B}{B},Enchantment,rare,1594,0.505,FDN
Phyrexian Arena,"At the beginning of your upkeep, you draw a card and you lose 1 life.",{1}{B}{B},Enchantment,rare,3356,0.566,FDN
Pilfer,Target opponent reveals their hand. You choose a nonland card from it. That player discards that card.,{1}{B},Sorcery,common,26270,0.57,FDN
Reassembling Skeleton,{1}{B}: Return this card from your graveyard to the battlefield tapped.,{1}{B},Creature — Skeleton Warrior,uncommon,18685,0.546,FDN
Rise of the Dark Realms,Put all creature cards from all graveyards onto the battlefield under your control.,{7}{B}{B},Sorcery,mythic,1499,0.546,FDN
Rune-Scarred Demon,"Flying
When this creature enters, search your library for a card, put it into your hand, then shuffle.",{5}{B}{B},Creature — Demon,rare,4991,0.593,FDN
Stromkirk Bloodthief,"At the beginning of your end step, if an opponent lost life this turn, put a +1/+1 counter on target Vampire you control.",{2}{B},Creature — Vampire Rogue,uncommon,13586,0.552,FDN
Vampire Nighthawk,"Flying
Deathtouch (Any amount of damage this deals to a creature is enough to destroy it.)
Lifelink (Damage dealt by this creature also causes you to gain that much life.)",{1}{B}{B},Creature — Vampire Shaman,uncommon,25686,0.61,FDN
Zombify,Return target creature card from your graveyard to the battlefield.,{3}{B},Sorcery,uncommon,11017,0.543,FDN
Abrade,"Choose one —
• Abrade deals 3 damage to target creature.
• Destroy target artifact.",{1}{R},Instant,uncommon,12199,0.588,FDN
Axgard Cavalry,{T}: Target creature gains haste until end of turn. (It can attack and {T} this turn.),{1}{R},Creature — Dwarf Berserker,common,8996,0.543,FDN
Brazen Scourge,Haste (This creature can attack and {T} as soon as it comes under your control.),{1}{R}{R},Creature — Gremlin,uncommon,5962,0.545,FDN
Burst Lightning,"Kicker {4} (You may pay an additional {4} as you cast this spell.)
Burst Lightning deals 2 damage to any target. If this spell was kicked, it deals 4 damage instead.",{R},Instant,common,28185,0.599,FDN
"Drakuseth, Maw of Flames","Flying
Whenever Drakuseth attacks, it deals 4 damage to any target and 3 damage to each of up to two other targets.",{4}{R}{R}{R},Legendary Creature — Dragon,rare,2088,0.539,FDN
"Etali, Primal Storm","Whenever Etali attacks, exile the top card of each player's library, then you may cast any number of spells from among those cards without paying their mana costs.",{4}{R}{R},Legendary Creature — Elder Dinosaur,rare,3306,0.556,FDN
Fanatical Firebrand,"Haste (This creature can attack and {T} as soon as it comes under your control.)
{T}, Sacrifice this creature: It deals 1 damage to any target.",{R},Creature — Goblin Pirate,common,11160,0.546,FDN
Firebrand Archer,"Whenever you cast a noncreature spell, this creature deals 1 damage to each opponent.",{1}{R},Creature — Human Archer,common,16600,0.515,FDN
Firespitter Whelp,"Flying
Whenever you cast a noncreature or Dragon spell, this creature deals 1 damage to each opponent.",{2}{R},Creature — Dragon,uncommon,7770,0.543,FDN
Flamewake Phoenix,"Flying, haste
This creature attacks each combat if able.
Ferocious — At the beginning of combat on your turn, if you control a creature with power 4 or greater, you may pay {R}. If you do, return this card from your graveyard to the battlefield.",{1}{R}{R},Creature — Phoenix,rare,1767,0.531,FDN
Frenzied Goblin,"Whenever this creature attacks, you may pay {R}. If you do, target creature can't block this turn.",{R},Creature — Goblin Berserker,uncommon,5025,0.521,FDN
Goblin Surprise,"Choose one —
• Creatures you control get +2/+0 until end of turn.
• Create two 1/1 red Goblin creature tokens.",{2}{R},Instant,common,15865,0.534,FDN
Heartfire Immolator,"Prowess (Whenever you cast a noncreature spell, this creature gets +1/+1 until end of turn.)
{R}, Sacrifice this creature: It deals damage equal to its power to target creature or planeswalker.",{1}{R},Creature — Human Wizard,uncommon,10546,0.591,FDN
Hidetsugu's Second Rite,"If target player has exactly 10 life, Hidetsugu's Second Rite deals 10 damage to that player.",{3}{R},Instant,uncommon,3104,0.582,FDN
Involuntary Employment,"Gain control of target creature until end of turn. Untap that creature. It gains haste until end of turn. Create a Treasure token. (It's an artifact with ""{T}, Sacrifice this token: Add one mana of any color."")",{3}{R},Sorcery,common,14262,0.572,FDN
"Krenko, Mob Boss","{T}: Create X 1/1 red Goblin creature tokens, where X is the number of Goblins you control.",{2}{R}{R},Legendary Creature — Goblin Warrior,rare,3237,0.57,FDN
Seismic Rupture,Seismic Rupture deals 2 damage to each creature without flying.,{2}{R},Sorcery,uncommon,1292,0.474,FDN
Shivan Dragon,"Flying
{R}: This creature gets +1/+0 until end of turn.",{4}{R}{R},Creature — Dragon,uncommon,5082,0.519,FDN
Slagstorm,"Choose one —
• Slagstorm deals 3 damage to each creature.
• Slagstorm deals 3 damage to each player.",{1}{R}{R},Sorcery,rare,1070,0.547,FDN
Spitfire Lagac,"Landfall — Whenever a land you control enters, this creature deals 1 damage to each opponent.",{3}{R},Creature — Lizard,common,3394,0.499,FDN
Sure Strike,Target creature gets +3/+0 and gains first strike until end of turn. (It deals combat damage before creatures without first strike.),{1}{R},Instant,common,10279,0.537,FDN
Thrill of Possibility,"As an additional cost to cast this spell, discard a card.
Draw two cards.",{1}{R},Instant,common,13694,0.524,FDN
Affectionate Indrik,"When this creature enters, you may have it fight target creature you don't control. (Each deals damage equal to its power to the other.)",{5}{G},Creature — Beast,uncommon,10551,0.582,FDN
Bite Down,Target creature you control deals damage equal to its power to target creature or planeswalker you don't control.,{1}{G},Instant,common,36109,0.588,FDN
Blanchwood Armor,"Enchant creature
Enchanted creature gets +1/+1 for each Forest you control.",{2}{G},Enchantment — Aura,uncommon,2937,0.547,FDN
Broken Wings,"Destroy target artifact, enchantment, or creature with flying.",{2}{G},Instant,common,7192,0.513,FDN
Bushwhack,"Choose one —
• Search your library for a basic land card, reveal it, put it into your hand, then shuffle.
• Target creature you control fights target creature you don't control. (Each deals damage equal to its power to the other.)",{G},Sorcery,common,37362,0.556,FDN
Doubling Season,"If an effect would create one or more tokens under your control, it creates twice that many of those tokens instead.
If an effect would put one or more counters on a permanent you control, it puts twice that many of those counters on that permanent instead.",{4}{G},Enchantment,mythic,659,0.413,FDN
"Dwynen, Gilt-Leaf Daen","Reach (This creature can block creatures with flying.)
Other Elf creatures you control get +1/+1.
Whenever Dwynen attacks, you gain 1 life for each attacking Elf you control.",{2}{G}{G},Legendary Creature — Elf Warrior,uncommon,8477,0.551,FDN
Dwynen's Elite,"When this creature enters, if you control another Elf, create a 1/1 green Elf Warrior creature token.",{1}{G},Creature — Elf Warrior,common,21959,0.559,FDN
Elvish Archdruid,"Other Elf creatures you control get +1/+1.
{T}: Add {G} for each Elf you control.",{1}{G}{G},Creature — Elf Druid,rare,2723,0.582,FDN
Garruk's Uprising,"When this enchantment enters, if you control a creature with power 4 or greater, draw a card.
Creatures you control have trample. (Each of those creatures can deal excess combat damage to the player or planeswalker it's attacking.)
Whenever a creature you control with power 4 or greater enters, draw a card.",{2}{G},Enchantment,uncommon,9015,0.543,FDN
Genesis Wave,Reveal the top X cards of your library. You may put any number of permanent cards with mana value X or less from among them onto the battlefield. Then put all cards revealed this way that weren't put onto the battlefield into your graveyard.,{X}{G}{G}{G},Sorcery,rare,769,0.551,FDN
"Ghalta, Primal Hunger","This spell costs {X} less to cast, where X is the total power of creatures you control.
Trample (This creature can deal excess combat damage to the player or planeswalker it's attacking.)",{10}{G}{G},Legendary Creature — Elder Dinosaur,rare,3962,0.574,FDN
Giant Growth,Target creature gets +3/+3 until end of turn.,{G},Instant,common,22756,0.563,FDN
Gnarlid Colony,"Kicker {2}{G} (You may pay an additional {2}{G} as you cast this spell.)
If this creature was kicked, it enters with two +1/+1 counters on it.
Each creature you control with a +1/+1 counter on it has trample. (It can deal excess combat damage to the player or planeswalker it's attacking.)",{1}{G},Creature — Beast,common,34533,0.56,FDN
Grow from the Ashes,"Kicker {2} (You may pay an additional {2} as you cast this spell.)
Search your library for a basic land card, put it onto the battlefield, then shuffle. If this spell was kicked, instead search your library for two basic land cards, put them onto the battlefield, then shuffle.",{2}{G},Sorcery,common,11548,0.49,FDN
Inspiring Call,"Draw a card for each creature you control with a +1/+1 counter on it. Those creatures gain indestructible until end of turn. (Damage and effects that say ""destroy"" don't destroy them.)",{2}{G},Instant,uncommon,2586,0.5,FDN
Llanowar Elves,{T}: Add {G}.,{G},Creature — Elf Druid,common,34163,0.592,FDN
Mild-Mannered Librarian,{3}{G}: This creature becomes a Werewolf. Put two +1/+1 counters on it and you draw a card. Activate only once.,{G},Creature — Human,uncommon,13207,0.586,FDN
Nessian Hornbeetle,"At the beginning of combat on your turn, if you control another creature with power 4 or greater, put a +1/+1 counter on this creature.",{1}{G},Creature — Insect,uncommon,14523,0.6,FDN
Overrun,Creatures you control get +3/+3 and gain trample until end of turn. (Each of those creatures can deal excess combat damage to the player or planeswalker it's attacking.),{2}{G}{G}{G},Sorcery,uncommon,8881,0.577,FDN
Reclamation Sage,"When this creature enters, you may destroy target artifact or enchantment.",{2}{G},Creature — Elf Shaman,uncommon,8823,0.514,FDN
Scavenging Ooze,"{G}: Exile target card from a graveyard. If it was a creature card, put a +1/+1 counter on this creature and you gain 1 life.",{1}{G},Creature — Ooze,rare,4755,0.635,FDN
Snakeskin Veil,Put a +1/+1 counter on target creature you control. It gains hexproof until end of turn. (It can't be the target of spells or abilities your opponents control.),{G},Instant,uncommon,13024,0.562,FDN
Vivien Reid,"[+1]: Look at the top four cards of your library. You may reveal a creature or land card from among them and put it into your hand. Put the rest on the bottom of your library in a random order.
[−3]: Destroy target artifact, enchantment, or creature with flying.
[−8]: You get an emblem with ""Creatures you control get +2/+2 and have vigilance, trample, and indestructible.""",{3}{G}{G},Legendary Planeswalker — Vivien,mythic,2811,0.635,FDN
Wary Thespian,"When this creature enters or dies, surveil 1. (Look at the top card of your library. You may put it into your graveyard.)",{1}{G},Creature — Cat Druid,common,41887,0.579,FDN
Wildwood Scourge,"This creature enters with X +1/+1 counters on it.
Whenever one or more +1/+1 counters are put on another non-Hydra creature you control, put a +1/+1 counter on this creature.",{X}{G},Creature — Hydra,uncommon,10479,0.541,FDN
"Balmor, Battlemage Captain","Flying
Whenever you cast an instant or sorcery spell, creatures you control get +1/+0 and gain trample until end of turn.",{U}{R},Legendary Creature — Bird Wizard,uncommon,10701,0.572,FDN
Consuming Aberration,"Consuming Aberration's power and toughness are each equal to the number of cards in your opponents' graveyards.
Whenever you cast a spell, each opponent reveals cards from the top of their library until they reveal a land card, then puts those cards into their graveyard.",{3}{U}{B},Creature — Horror,rare,4196,0.551,FDN
Empyrean Eagle,"Flying
Other creatures you control with flying get +1/+1.",{1}{W}{U},Creature — Bird Spirit,uncommon,14332,0.612,FDN
Good-Fortune Unicorn,"Whenever another creature you control enters, put a +1/+1 counter on that creature.",{1}{G}{W},Creature — Unicorn,uncommon,6906,0.534,FDN
Heroic Reinforcements,"Create two 1/1 white Soldier creature tokens. Until end of turn, creatures you control get +1/+1 and gain haste. (They can attack and {T} this turn.)",{2}{R}{W},Sorcery,uncommon,4588,0.554,FDN
"Lathril, Blade of the Elves","Menace (This creature can't be blocked except by two or more creatures.)
Whenever Lathril deals combat damage to a player, create that many 1/1 green Elf Warrior creature tokens.
{T}, Tap ten untapped Elves you control: Each opponent loses 10 life and you gain 10 life.",{2}{B}{G},Legendary Creature — Elf Noble,rare,2991,0.513,FDN
"Muldrotha, the Gravetide","During each of your turns, you may play a land and cast a permanent spell of each permanent type from your graveyard. (If a card has multiple permanent types, choose one as you play it.)",{3}{B}{G}{U},Legendary Creature — Elemental Avatar,mythic,2029,0.554,FDN
"Ruby, Daring Tracker","Haste (This creature can attack and {T} as soon as it comes under your control.)
Whenever Ruby attacks while you control a creature with power 4 or greater, Ruby gets +2/+2 until end of turn.
{T}: Add {R} or {G}.",{R}{G},Legendary Creature — Human Scout,uncommon,8167,0.589,FDN
Swiftblade Vindicator,"Double strike (This creature deals both first-strike and regular combat damage.)
Vigilance (Attacking doesn't cause this creature to tap.)
Trample (This creature can deal excess combat damage to the player or planeswalker it's attacking.)",{R}{W},Creature — Human Soldier,rare,823,0.522,FDN
"Tatyova, Benthic Druid","Landfall — Whenever a land you control enters, you gain 1 life and draw a card.",{3}{G}{U},Legendary Creature — Merfolk Druid,uncommon,11428,0.547,FDN
Adventuring Gear,"Landfall — Whenever a land you control enters, equipped creature gets +2/+2 until end of turn.
Equip {1} ({1}: Attach to target creature you control. Equip only as a sorcery.)",{1},Artifact — Equipment,uncommon,1518,0.457,FDN
Burnished Hart,"{3}, Sacrifice this creature: Search your library for up to two basic land cards, put them onto the battlefield tapped, then shuffle.",{3},Artifact Creature — Elk,uncommon,9156,0.489,FDN
Campus Guide,"When this creature enters, you may search your library for a basic land card, reveal it, then shuffle and put that card on top.",{2},Artifact Creature — Golem,common,21872,0.532,FDN
Gleaming Barrier,"Defender
When this creature dies, create a Treasure token. (It's an artifact with ""{T}, Sacrifice this token: Add one mana of any color."")",{2},Artifact Creature — Wall,common,6425,0.473,FDN
Goldvein Pick,"Equipped creature gets +1/+1.
Whenever equipped creature deals combat damage to a player, create a Treasure token. (It's an artifact with ""{T}, Sacrifice this token: Add one mana of any color."")
Equip {1} ({1}: Attach to target creature you control. Equip only as a sorcery.)",{2},Artifact — Equipment,common,32485,0.563,FDN
Heraldic Banner,"As this artifact enters, choose a color.
Creatures you control of the chosen color get +1/+0.
{T}: Add one mana of the chosen color.",{3},Artifact,uncommon,13312,0.556,FDN
Juggernaut,"This creature attacks each combat if able.
This creature can't be blocked by Walls.",{4},Artifact Creature — Juggernaut,uncommon,2848,0.513,FDN
Meteor Golem,"When this creature enters, destroy target nonland permanent an opponent controls.",{7},Artifact Creature — Golem,uncommon,15444,0.575,FDN
Solemn Simulacrum,"When this creature enters, you may search your library for a basic land card, put that card onto the battlefield tapped, then shuffle.
When this creature dies, you may draw a card.",{4},Artifact Creature — Golem,rare,5435,0.598,FDN
Swiftfoot Boots,"Equipped creature has hexproof and haste. (It can't be the target of spells or abilities your opponents control. It can attack and {T} no matter when it came under your control.)
Equip {1} ({1}: Attach to target creature you control. Equip only as a sorcery.)",{2},Artifact — Equipment,uncommon,4010,0.444,FDN
Bloodfell Caves,"This land enters tapped.
When this land enters, you gain 1 life.
{T}: Add {B} or {R}.",,Land,common,6616,0.566,FDN
Blossoming Sands,"This land enters tapped.
When this land enters, you gain 1 life.
{T}: Add {G} or {W}.",,Land,common,5267,0.54,FDN
Dismal Backwater,"This land enters tapped.
When this land enters, you gain 1 life.
{T}: Add {U} or {B}.",,Land,common,18785,0.586,FDN
Evolving Wilds,"{T}, Sacrifice this land: Search your library for a basic land card, put it onto the battlefield tapped, then shuffle.",,Land,common,38040,0.572,FDN
Jungle Hollow,"This land enters tapped.
When this land enters, you gain 1 life.
{T}: Add {B} or {G}.",,Land,common,9220,0.545,FDN
Rogue's Passage,"{T}: Add {C}.
{4}, {T}: Target creature can't be blocked this turn.",,Land,uncommon,11498,0.575,FDN
Rugged Highlands,"This land enters tapped.
When this land enters, you gain 1 life.
{T}: Add {R} or {G}.",,Land,common,4985,0.551,FDN
Scoured Barrens,"This land enters tapped.
When this land enters, you gain 1 life.
{T}: Add {W} or {B}.",,Land,common,9925,0.556,FDN
Secluded Courtyard,"As this land enters, choose a creature type.
{T}: Add {C}.
{T}: Add one mana of any color. Spend this mana only to cast a creature spell of the chosen type or activate an ability of a creature source of the chosen type.",,Land,uncommon,2009,0.509,FDN
Swiftwater Cliffs,"This land enters tapped.
When this land enters, you gain 1 life.
{T}: Add {U} or {R}.",,Land,common,6130,0.572,FDN
Thornwood Falls,"This land enters tapped.
When this land enters, you gain 1 life.
{T}: Add {G} or {U}.",,Land,common,10366,0.568,FDN
Tranquil Cove,"This land enters tapped.
When this land enters, you gain 1 life.
{T}: Add {W} or {U}.",,Land,common,9876,0.571,FDN
Wind-Scarred Crag,"This land enters tapped.
When this land enters, you gain 1 life.
{T}: Add {R} or {W}.",,Land,common,3330,0.529,FDN
